product,db,source,sold
1607939158f4451713c8c2f1ea34368bbf1d97b08ad839b7d9305d2ad6b353be,2.55,product,
c72300b81239c2a7a6aecf1b83a4ee354db1329d5fea013183d818e1a4a42a30,3.9,product,
2864995817c9921aa3f5ebbd962d8cdfa17ce31ac48bb54f26623c1dab07f049,4.05,product,
f258c2e53b3d4341752455ce834a37b97989a98abd021b1985a788b417b55767,2.4,product,
23ab77f6181d312c70a8853fd0956792762dcba2f735f54db2082d2c339a4ee1,4.2,product,
90ca088e9bc6efbae0b5caae29e335bb12567c1b20da5b3a04c3b044a816a43e,2.7,product,
b7fe64ec1f4bdb7134228f2e4d5584d1a2f30338b6d8450fb304a059f2f69b1b,4.05,product,
31e07727296ca9dfb284fed09cdf6a5d19d222e3d76d03fb8920ce70a9831ddf,1.65,product,
0f20a4389a0f1e13f8505b54584ce16dfa4048d729727e030667968fbad5455c,1.2,product,
b0a47260533ba3a5833b0631564b56b9b3b996eb1c1a5562486dec22f0cb470f,3.15,product,
d23bf5f9239bfa1d8439383d05fdf5f0e6c12bf702a29b7272767ed67c675be7,4.35,product,
6f701270821718a2a60508a9c009c221bb08c7725f70eeaeb3d0545af0bf1a54,4.5,product,
8e2479af25c9e39a7d56fb3e6a6cef889188a6a7dfe5e97f3e5caaa9a6e80459,4.5,product,
0cb090ea99d125fe58e20f14e95e75791eae04a06f2f07e09605e4ce36ad2896,4.5,product,
5c4c562753d3691ce75c2bef0f6a9144b02e5262f2acc518b7850c443975f42e,4.2,product,
f593e2ac1b3fc86cc6ce38611fbf48476fcb69763b350f9b5b397fb92fdf01eb,1.5,product,
dda070a1928dbb9bfd638a39bd9c9991893bbafc4b46ff4eaa6ec4f15bb7d6b0,1.2,product,
92d325ff459a0a6a7f12553c68fef91a8332dbe89d3cf75a1582806e5e3c0a8b,1.35,product,
3318d66e0f4babd33141ba02da181ce2bcc702d18f036e3ad48c76054e40dc6a,1.5,product,
1fc44352526a72720553214212e742803ee5b86068107abd96375ac04b289c2b,1.5,product,
ee69a2fd84c53f1bfdd419b885599f853aba8b4a0712f4dfadd7f4e9fafaaba8,1.65,product,
204222d846b8ec4e57605111891b173e777b79d0011e837fafb26a0907153194,4.5,product,
3e74945f8ad6e6fc5a2d1c0f0f6886c95964b3fa8e8d79884d27ca2226eb6aa4,3.3,product,
bf9870e81b5358a52c06fc60c37463d848124bd0570af9f36e56945551cf57be,4.2,product,
4777e7fc28b3a7d0b1840e109e6a0d159804e97f31b60a672ff3552379dd7ae1,4.2,product,
53e269de8977acb57a2098dbcd67bac71879b7b24fcf4edc6770863867fdca44,4.2,product,
a4a4a30e86cd6fb2660b16ff087d8f8ce5eab5e6bd1e5f16693a710fcdc9c2bc,4.2,product,
3899154537c499212c13d4d177dea1e8fe52ad82d113fce098e9e4f110ac0a7c,3.0,product,
009d35762c77a48f15a193667675a1eec9b43ba51bcaa72233438906daf5ae59,2.85,product,
acf582e588318cc7034c981af04b412b26689c89f9cff55eadb3cdda538ed9be,3.0,product,
707f61aa1ab9d2b7f7efd7b443ffc15f2f41ede4f9a04606adcb9fc4e9263105,3.0,product,
c88942170855dc4023eff38e7abb491656c9ab271ecb6f4361d7a17702ba9ddc,3.0,product,
3d8ec37987a16410962c5a79cd059518d966fb6a0f484d9a76bf9998fbbaf8b8,4.2,product,
32ee65189c0ebd8518c9d4e076d3fc82dae8cabed314a5a3e7c920507bd06f57,4.2,product,
9b1f2877536694a1a6d9ea4e2a1096748f45e1cd4b1800d1a82a2381a92bcdfc,4.2,product,
7aa681193674b07a5d80b498b6a4b0d23193e6f598a45070eab9a6d42e50aaf1,2.4,product,
c5fe103f671ff9db92287801d39f910503b4ad012efa844bf123ae1fa4c23365,3.9,product,
87d590af2d933e33e3d50e725e4067b86ddfa28b3b3ff2417bc3ba86300e6c67,3.45,product,
7bfb8163629a3bb9649dd72a824b364cb85a2f112bff916cb79c3fcbd1624875,3.3,product,
99f269d173a088c9b82b0870824f1b8c0a3d465419fd04a5fc50344a2022e865,3.0,product,
8ef3a1717b92334af0cb88af405b658008ce16657d817008e47cb0f9284c4505,3.0,product,
b273375c4b39ddf094dc0553d0b704ae154052c53a89c2b1c1284e5f3af5921f,2.85,product,
2a5770df763fc372e686fae422632041aad2f6d4986ef6a3baad4e3ed44f0baf,3.0,product,
8939f10b207355c989b49024cb2ddb56772556d11e7eab40713dcd79cc765f98,2.85,product,
7d25042048faa82a0d5cc9eef14eba3b3d5eddd50462da79dc0f44f076fadb3b,2.85,product,
21eb211f7b6e6db435c045d4eb76c18ad869e47785889afbd467e2b38a3b0dbd,2.85,product,
1784d4110adbee2aac7095ea5a9ac1241151ba1f34459ea2218a5d56a62c85a3,3.0,product,
707df4db480e31f9b0baec3f4f331d68f02bcacbea005f57682b7d4bd8599b44,2.7,product,
10fe226261163d39abc0da26cc783a46d60850789228e4ba75b05d5fa57d3c56,2.7,product,
a5a7559a2191b01072bc3b682d8bd34f3d46a7a16a441ac5b4c3a771f435f2a5,2.7,product,
07b6812a206730ffc77bd0a6e32a099d5672c8a755120d136f50f165b4453ec5,4.2,product,
0cb2d8be2990c9d132f602d83328e1326a063cc2f9130121e6ce9a8d35642799,4.05,product,
3f5c920b302576d82fc2637f36ee65bdbda25e723541e343facd782a7c5c2711,4.05,product,
f0682887471643b9aab074ec0d4b9c21bb1f872d721f2200a6aa7cf9051a596f,4.05,product,
36aa182929fdf7c81a1be384c72a6d39f1462384d1d3151f8fc08bb573ed28f6,4.05,product,
ec8a72e954f189a34c53863d1de4a5a2911a35aa55d2ba3fe06cd6ed47d2b27b,3.75,product,
1597253f77c9160557101aabf9a2edff8e95eb26a6a4cbdbc612fa53bfcf7314,3.75,product,
2c28e3df2fc7a369e6f7a7575732609a5e96f95b8a581512c23ab02a2a7890e5,3.6,product,
654a21b80ca42f35fad9f01afd6df25b23640f693835726f75333b73ece5959b,3.6,product,
03fad3758f9b717cc47b75b3394c2ee2becc4f78b16d4b393e16eb9468e7ec1e,3.6,product,
f13093139ffe82d7f31172123258c466a0265eac4b61548de23d63a54bc4d9a5,4.5,product,
3da0a40c9177120eebf22cdbfccf162c98ecfa53716f49b7574fb1de7fdd981c,4.2,product,
e20e73620323a2c6bfeea662f0d1c53bf3b5557ac63c6a5eafb1381fea6d299d,3.75,product,
be2a99713f2ef1a9c725219f59a9bc8f47e7093e3f14dbb68cbb5b4cf0d19e56,3.9,product,
8787a5e0469dc50221b239a17945b1bf040b53d8089d59bb9570ce0b90f0e8c8,3.9,product,
b5bf75213fb7dabdd80b2b03aa34edaa63e3927081718397a4c539033fd12a3c,4.5,product,
bfcac9d59b3c13ab3d0505d831e68c459478a7c90c84a43af01a8779670c4b8d,4.5,product,
6790c25c01f35a31ebea91e6e96252c36e43ddd38f9070b917cf02e198e68f9f,4.5,product,
97c9607e8a8847192d9425f37500170fb291f279f3de8ebf6b4a81b164e1bde0,4.5,product,
2c0bd1a6768b9e9b797ca8647f28458fc409c7ea00338e0ad7f39f26d74bba7a,4.5,product,
968382140030324902c8f717fe7ddd01644f1ead76e0c83de0f484051b7852b1,4.5,product,
48a5a86a48e4e64a68a73a3bcaeff54ff6bda76e868d7d5187b98cd6a7b104c7,4.5,product,
f5422179011a859a2b94c0a814281aa3d3ba39d58fa5c0b21519b57555ad9613,4.5,product,
685390667deee694d23afead5d51161798dd37d1959a821bdb598c069b6223af,4.5,product,
7284c1d81604082455a6a223c12280778c38c0249ea8bbed11652eac6cc5e8f8,4.5,product,
e41ad529543f3f8fe46d4928693f0499590278e006f4023a9e2706034780073f,4.5,product,
625f21b4934465056c3262020328da5ab4d7b35f6deede55d5d42b8658c27b39,4.5,product,
d59f49c9425dd1562792f029bda540497e58c7ae914e3e95945756245b709d18,4.5,product,
e93d862d0991e2247b65f8e24fcc0e1fd96a32e5e67b0074849cfa7edec52885,4.5,product,
8593955c26d17560c201a534ad6551520d737cd0ebabd5f8cdce382a300c2d06,4.5,product,
c6c9a6d649a46ebb774b7e448b300d42ebaa4b0a28faf4e838ba57a473bb53d8,4.5,product,
d14f212a808ecd988d2bce496b320bf6fcb8c81f192a37662e381c23e2cfcebf,4.5,product,
74ee96307d9cd565e1d1d5082a5cf0c1915f1d4862b70cdf807aceefeb4d134f,4.5,product,
d129f05e792c670145016373fe311430bf783d507d08e40c85b753d0529ad149,4.5,product,
3f94d579904429eeac936bbc77aac5d37f5dd365fc4aa5e668457b8d58fadd9b,4.5,product,
0568441e6c5e3f24b9626790b902264d088758284b2492f4f007543988a7d11f,4.5,product,
9acdc5d970cc7633032a1fe02da29ddf07ac4742bd5a24c33526018ed6991b24,4.5,product,
6e6f8338288e31aef214c98c948ed3fca71ba47ebb4c99e59b2c94e7cef6dcd4,4.5,product,
79487672369bb20829abc422932c4799e945c1f69d538fecc654ca195528309c,4.5,product,
b96a89cc9c319eb446c2705bf703e59c5366ab424cf10de6cb550ccc821d0b14,4.5,product,
97c2151e21263fe9eacfd0a24030856f08687cdd12fc9842ed97deda3f0381a4,4.5,product,
cf54e8166d7a8d563439169ebdee260c15b1a631d6710f0ec450480bd35b8a88,4.5,product,
5378c3c4151628649980a1edce5883c4adb3bd77707d8c814951c10217dcf933,4.5,product,
be60051540b86d860d439e04b24c6544e023ecdfc4567dbd832293fef0ece1c0,2.4,product,
e6ea2295134168304521a54ac1ccc90b55466f735e4162fb89d23dd2dc0fda65,2.4,product,
ec8bd3d155d852fa407de5de684e393191905eb768903be9cab0a7569db2332f,1.2,product,
c714776b58fe4c0ee86d5a676a8a2cbfad50faff0a1ac40ab1e2f1559ddbbd19,4.2,product,
1a6ec4154ba69092207569a2fde109c2c09b882d771ce635d2ccab8b581b7e0b,4.05,product,
b6070269851ff642c20a9812de839efad0139b6525dbcecb51099341710430c3,4.05,product,
357fd6c978748fdb7b14cf20fb996cd0be6de84b37f429b41811ddb61c8ad7d3,4.05,product,
e5a7977e1368e51d0a86b339ed406076b262db57393554e146b215195f888f13,4.05,product,
8db821f95de634c4d79fd798963ce26f9f2f945c6bc422d7cf5a27cf4a036f5e,4.35,product,
bdb341609c3852911b6bf3171794abe4599a5914bcf28e2d6b0341596e9763c4,4.5,product,
bdc489f41778a123322747ae72a9ec683a6306b60826f853e6f411b8ca4a9b37,4.5,product,
82c264a7891f1d6d233c043a08f95cfa2b1681561aa463b22eb69d61dde76b43,1.95,product,
5cf575f288ac27a4d5efadb56203d10c13dc6048386e489be58d480531b8f1ed,2.1,product,
a195236669c4b7ded6e4f12e3274045effedf9133e50db43864140e5bb656e00,2.1,product,
0eef99b998d3fb799edb854bdd11c528609053fd155773f2ee8a28ce7e4421dd,2.55,product,
e3d4042975badab69c251d5652fd32c8824e1fb0cae03e572424631177d381e9,3.0,product,
d0c8898d7fb382e7657c6b7066943afd679be7a8136f83efa7d5104894f5b576,1.65,product,
f19d399196b5c1aebdd91ba9b6512fc7b8f73b743fc3169ec3203f3bf5d25960,1.65,product,
7f0b07a96fc0c33f95b72646e901cd644f56550da32d1aee54d1c7e47572b27c,4.5,product,
18df8086701d7983520a1ceaccbeca2a55d617aa3dc7d87a82c6ce954eefb858,4.5,product,
d76351c2215be283e61190dc2db7bfd139885a02b3cf8626de27b1ce4da079d8,4.5,product,
9c3fe5c81df0282e5cc69a05d7d99bca1dad8cec896799ccc66102b0e019a55a,4.5,product,
f123048c31fbae9cab5554b0aa58cc7bcce48d000c6a89ea53ec8fcf38ab2ece,4.5,product,
8bde381731109076322a3e5cb235dd9c3cc04a5ae36d4a2a5e07015bec4a6f3d,4.5,product,
099c39329cd4a47236b42ce67efd8a48e547602f0f7932632009e4197ed2415a,4.5,product,
031207e11aa93c1cf22bed3685bd7b3b983a5f1256433b3156e75c738e134505,4.5,product,
edfee43522c487e26b205b9c82a071a341526e4a11a2e13c61fe2047e1154314,4.5,product,
cb5090a1111af321989f4ae7b483f149e777fd4564c9877f8f807bcf502083e8,4.5,product,
e8ed009b47c520b479d38105468bca8784c5bc8e1c9d6f67c0736284ef766d05,4.5,product,
d10d963d2939d7ca0fab94463489c35b2ce909f520e6585fbaf88d248a2b6dcb,4.5,product,
8497b1ac97e80267f4c65b24d688e149be08d191f477d4393ac6ad6a76bcc953,4.35,product,
5cdfd9ff5f66a7a0cfa0c875aaec050228d0e164e7bb185a074c1213b649bd12,4.35,product,
0adb755491ce7ccd7a9375377b80aa5579b9c8e6f56aef206c21ee214639e17a,4.35,product,
70c2e24844db4f27b2b86d338cb4a22e15ff9e0643f6f15512e8021d70598981,4.35,product,
7c32c16d928a7d50f42ba6113a681f1b9e4281ae9ecc10c81a55c18e54118966,4.35,product,
0a88170c7e24a108de132e1cfc3df63ac7426349216f7112f1ff05ce619b4321,4.35,product,
4b6d04554830b69c20793b07c5b8e6c8dc24155d347eaf70c81268c628bfa94c,4.35,product,
a54463150774f76df6a75185e05fd7d4a37d0969d0804d43a22f9ac07496c733,4.35,product,
5c9cd98f764332db5022cc8ba407c0d069d5a25fb253002408f49559c13a6a55,4.35,product,
579e80677359961c8a32a01a6041b1d212fa316e72328f4d2ee91b4010369488,4.35,product,
b9c4c28e992a8750e81fee7428d66cabfd59205bd239720e4b3ceb3c6b689b9a,4.35,product,
0928e2674a4f08db269563064704e2ee006df07fc52c938953f0cb7fb8229900,4.35,product,
2c94298256d33a10d9c8f0e522e0e4f3a90bba76d341726bc2912820c522e5b3,4.35,product,
bc59c20484f03c1d475fb9cd34246be9f0818a9e580ab0b138746e5d1c722494,4.35,product,
fd1dc05a274a4d2e1b657805aae39bfb8d6cd543b393391a4efb4e850ca55e73,4.35,product,
ccd3f53b336d1637b06b395da5bc8a9eed98dd672390dff1656cc7a176a49c4e,1.95,product,
fffb72ad6cafded64c90883a165f9beab28675682c26394622754da0b6eb8e83,1.65,product,
96bd66251d12085cbe0db81fc69d709fa515c777ecd2b1ccdabeabdd39edf09f,4.35,product,
202f82541483347139aae90ee41b46b863397959465842818003822bb2f1a543,4.35,product,
32bd435f6f24983f14790744b04f287cfcdddb28078e3a7dae1696f40b0d5795,4.35,product,
2316611f9dea29076f05308f49dfa4b32aa4de8cb848a7263e00e5df791db04e,4.35,product,
0da243b50e00ac2155361d9071e24e09b8a1701016cc48114374a31663ca9b30,1.65,product,
381703d65e3e1fbf25b27c088b36078bc55a2afd3ede2deb6b09e68104dae290,1.65,product,
3b07e0de6ced81c4ae48424c5d55d80bd6f36887aecf631ff2e9d3b7aa6e5928,1.65,product,
53ade7a170307a0cce629943eb3ae11b166d8f6ae2d83491ed4355490dbfd239,1.65,product,
993e84c11e2d71d8fc43cd5b3676bead91e29337dba713d82f961bb3bb1fb50f,1.65,product,
7214f34a1eefbc79ac79a9a3f1523f091d9876622fe06348fb5e410f51729723,1.65,product,
1a5be31237fc6e42ef1a777dae71a9177fcb9ef204599a8604194a7814470239,4.35,product,
8cfb84f14c7fd7ed148a3fabeb94cbbcc3cf3c50482dc4c759db680c0fd5600a,4.35,product,
12b623fa24bf29454d8f4db90f7e11626eae05fc2f7797ef71365a5e1c039d3d,1.65,product,
40e286609b7770e6d1dcde4f3720cf48e19762e8963bc979103e4cbf24a1d500,1.65,product,
b6c5903d6f80871a7617aa5ae224d2b0b968599216c1ae2bd81b4df1c9c74508,1.65,product,
fdf967ed82fc3c8cb24e75d366ee0247afbdf4957307f6c38795a848185f0357,1.65,product,
e7bc16314f9c362650bdd51610e1c1d7db7f53d7c96421e854a8e39dd0967d25,1.65,product,
6385f68c0d8c4e8398fdcb3ab81e6ac8a79647d69c179dbb743b81904c5df947,2.4,product,
aae8683a280d95df3aaf9515be51d6fd6424bc744d40992f7fb2a56ab7044b97,2.4,product,
e70855b87eb56f2c1779b770b31c7356cbd78259bd53909f2da0b090c48ba709,2.4,product,
f8d5229f8f765813f01b954ca99b83c9f7f78a1512cfad9f04e871e06a0f4868,2.4,product,
ccaa80a71030874a634d58f0820ca0061f399381121245d813e0517eb3406c58,2.4,product,
0713f72130ca8a2bd49b861eff351a0e5ed303f1b694ffaf4eb0dd8cfd4c8d0b,3.75,product,
fcc2672434cc170c415da195b332310561b62e6a1c36703b0ae044db7ec7bbc1,3.75,product,
b6dec5ef240891020f4f40ac942050b80bde61fc19489d9d52ba736b6700560c,4.35,product,
61d722a591962938d8949989b2e43eb165ad183cdd3409faa325fa5e3188794f,4.35,product,
a78634a81a4a0f8f231a056bf0558d07d0cb5ce79049b4c37e2c205bd5d2a2de,4.35,product,
9a33e58389df21d20893aee1b6d64abde68d326d3705a56db25ec2b36a84a6b9,4.35,product,
4d4cc8688857291ee54c983cc46f1a43e4ed0e10dec5e42309bc88e49fb9d08b,4.35,product,
a68fc2497198e2779609486e4f385164b8455c1a66ef76ec7aba03f7cf6e2a34,4.35,product,
6fffe02f4389c2fd46e26c6183a390f1aff3cf812d4f09d46d72817c35e4d589,4.35,product,
432173007f14f5efbc3123a64aa2adbf7f7c009509fe6132834e4fa1c32afe5b,2.4,product,
c40ea9dc796767f22d09c721238f20e8846d4849d04ba1bda757bba69e89a814,4.35,product,
00c877a15854da5a7c459bb7170c40b328f09355ae738f342d729bb155ac792d,4.35,product,
690dd12987414340f647b7585f66dacc8cfd73b07a6ae10e03fa59122c5616a4,4.35,product,
3cc6c40193aa5b75fad1fda51cdbb82294a300051cf1157c124135081222a291,4.2,product,
340565774457ef746ee47c4f821194af211d7ef69e01acb75ffdfa25640be5f7,2.4,product,
91b6d1ac8bb06769755455af04bde5cb8d8933417079e3c12ac49242d5819da4,2.25,product,
b42540633661e37b1999ac4841a886f058b42901e8338856804eb80daaf4a0b0,2.1,product,
eb7188f96805be715714483faf821cb636ac6410a57cbc7a8c3f821565af194f,2.4,product,
b060801d0598a873e6f86fed279177699e07fe51f938c0a2031b23f9db8b0d51,2.4,product,
c1e2c47e19f676c589a3c3355a27a5daaac6a8d95b2418c4399f3f5d8a5458f7,2.4,product,
ca4521fd0f491fafc954308399566056da00bcc0c5d9f864c27ec8988af0e381,1.65,product,
f009e45703cd01ba0faea46a20c29bc258253474f47cd76c272759249388e27c,1.65,product,
6a02141d3655cdad250d3285468eec980fd520944c5dc6c3de27b763f1fe5b11,1.65,product,
97a010b23ebc9b5749ee9fbae2bbb826c7cb94f0907068064fcd1e3c6b043784,1.65,product,
b93843528a1e2c05fcb1bdec35ea75214f8252d72dd20fa56002e1c854f6e6a3,1.65,product,
b79d22041a580911b4cf7bcfe6dda48c4e25da1759bf49e543fe5a380c67a5d7,1.65,product,
03dc03c132ab8affe5f8cc1e1fdc972e138599732c37dec605a5e3ca9ce67a8c,2.4,product,
4cd983360eb7d6bbd92445c7b659531b5fc978f3ce22444e5f5c6ff1a6804ca1,2.4,product,
b90922305c12545567f3e8a083f7b30cfa1794aca27f16ed090949dd68169738,1.65,product,
985d060179539b99859fa7495d406ad149ce209d1a6260247e0792326cab6a0f,1.65,product,
c203e9ff3ec4e126366e68bb48c89f5d63b08ba6f92b5de1f228dfe9d51bcc6e,1.65,product,
809d459008fe4579e40c7c536c83f6e0e90eb3f9aba9f08aa9a8fe471d15a286,5.1,product,
4e10b32001e3e49f8355020855c53c9114c5b833af814704c1f71ed27c3cca8e,3.15,product,
41cee98c69cef4bcc2d6fb1d5d1af64f00c7fcde9d58eab102cad26cb59529a1,2.4,product,
5b8be15e7998f75bf64f28eb7a85924fa18b6cd1b75581b2228fd3190d3d53ae,1.65,product,
7eb3580424888e3e32332578d9513a72abd20b347cfd03df2489caafc865106d,1.65,product,
fda9197b438aadf280619127270e0468d91f2d6b0ce51d1a7c954100853b10b8,2.1,product,
f513047212277c48e506157e9e1ac5b375c307e9df65017b9cd8842757fe5bf5,2.4,product,
9e3359368e6822d7c1b523000681771581bbfa2c5010eac0db9930d35a09e36f,2.25,product,
027e984b1d668bcadf88e2446a104df07c6e03a85db08d209940e78e289faa3e,2.4,product,
4f9257732e6145c9f3d60ebb344936e61e6a1b3a8feae5baeb893f547a25b9c7,2.4,product,
c99f624b3aea3acedf1ff7d793090eba6d246382e0f9d6ac35c59e5c9d63d973,2.4,product,
c592c7ea522142c899fef2c2a687e7edb3dd06907b5d23a9ab35f22e45452d79,2.25,product,
f999e785737c836c33ae6b3501036a4e1f3990a760a16ceb33e2947fb9327c17,2.4,product,
f7a10886558d705baa8f831b98030c2e8d7e0988464b6596f81d6eae4196339c,4.05,product,
27ac461f216c4be3ebbe3b128eb7abffbb243a67ba8051be19d19ccbcda81e48,4.05,product,
17d2813b0a85ea3623c4768ad370b6cca1ebfca0e127c4046e943125d5a41710,4.05,product,
b0b3c7479919fabc09436bfd6da4994a4a18190a2e8f564a0fb8104683338503,4.05,product,
4ced619a05aa3a90d801e44a8e0cc19f3cf8db7d7950f2841a5dcc18f1a20563,4.05,product,
b57438981a51b512e5640fc2db4119a210ea8aa11bb51016863c654ee675bcf8,4.05,product,
a13ec206146a10bc10e13c7b72b62bb7de5702d675ec11365af84794bf652391,4.05,product,
e9c429ea59bbff87e2132e850e9125965f28c8c738f8e5d48748aa60ee78111c,4.05,product,
89f0e6a77a47e51ed8be2a8c96d503a592769129e75f358e6df65e9944e3792b,4.05,product,
da19d37593b1b5dd4d42f507ccb8d5259f37f9652e277494b2480d8d5489c915,4.05,product,
02c482944501b01db25e8b0efa5894b3fb7c6941037eb46fa48df778c66edd47,4.05,product,
e144e0ce569e7a1c009ded7f1d80eca8a370bf722e7dfc27353aba16d7a336b3,4.05,product,
bd463387224870e5e8d0fcb6dd7b889022863bf7cdb7fdbd1a212583539b3d88,4.05,product,
8a33108422855df5f082aee2ae64131e4de818e480caa6b950d64558008f7735,4.05,product,
0670929b0df47a87fb35dad5ecada3fa1bf126c9699a89d2f4836ae653593487,4.05,product,
7a2837a516b71135253d02639feb5f77426e2fa996627caf09759d04c414d1fb,4.05,product,
1e5354d38d9e8a0a9704e5ef50dd1df87aac47655e018aca143b200c7b0dd90b,4.05,product,
5984d18351773d6ff0afcc257251ee789596d6848a12f74a6c1668f63379d8ad,4.05,product,
f220361f867a756a74dfd5ec5d104484ddb8208e081838e5143430b2b9292c0d,4.05,product,
13bc74c70dc7bb9e8cc09b3862040c1e190a367b47bb1eb826eb8fa18f004077,4.05,product,
0ca8a8136ce2d58a9a382261867b85683d301a8d5c65933a6554ac2c45cbc197,4.05,product,
8c7907c70300194173d1ca724dea2546a1609a920306905cab57e036760b184c,4.05,product,
0458601c71128b8121e3a5015e191387107bf0fb18b996fa5c4578e4640e08b4,4.05,product,
4f98d67345b562d38c09bd6f8d2f29edfc6c712ba5ca168be17b6165fa1d9b37,4.05,product,
88e94701059fbf0e502461b48fba23ba8005e2e698170a59a4c8bf43ff2dd42e,4.05,product,
f8c0b3f787edcef9975f998e2b52e3c5fd22e97a970067cec05393262895a984,4.05,product,
9596e3f917d934984346d50dbc577a8c345c638e158c65cfa5b3cc69ba3f0fec,4.05,product,
ba70607483642aca108af5558cd0ba531e3a723b1e1d5461a5e18815d841963d,4.05,product,
8cb583170c01db6e7fc629178d5516d1535b175925d3b9de78b8ccb360288384,4.05,product,
9b54922b52c27e90e7f1b30ab562701f1368377d1b7f37ae128e8b7692386fd4,4.05,product,
fb42c86553926c4a98bccbf5a696f33a628514fc6a0af11c7995f9286b814b00,4.05,product,
34ef93b72a1331c11ca21e88591c4702c8996c7f5505675d999bc0081cc99c4d,4.05,product,
6d63f5c50cc1c62e384d0ea2e8606d4eec66fb07fe23c827180ee0127b6a5942,4.05,product,
42f350f75f8a023452ae7fb0df52b2138733a158ccce3383112eb3ca2412eb1c,4.05,product,
ad91632805c3b36df28d173a15913350721a3abdad0f7912b8cbefb29fbe4ac5,4.05,product,
4d31518c4b04aca63bb22b9d347d581897922b7bfd3ebf201fadcd5fd17f8ddb,4.05,product,
8100c4799736ace7fbf460448f43b8665acaed3ef8a268b46375a8d762fe2187,4.05,product,
4bf1b95a785c8386f19b999fa12b7c9589e3c9ddb3fbaf6a2886e71af153868a,4.05,product,
540de9e85c1f4b1d0f510e4bdce7f3f3bc58efa3d12530bde2c7670158d159b8,4.05,product,
b57e22bb91e71ae0f88b85b2fbb53afc79e07ecc3cca837074b73499dce50e2b,4.05,product,
4b8df1f9195c99ad3cc52f67f7e8cdd8412c0015c0782c4aeb7fe01b491e1ffd,4.05,product,
a56778e460ca8488d496338cd014cb44de8e6badea807738ca5ba57b0627e3a7,4.05,product,
ea8a57e4221f0b3cf4ea31b8c7047e7068a5b7e48e4d0fef5a9cfd99294470a2,4.05,product,
76fef2d8311073a7a144a8306fd5a62e695f3f5c8ee2943d19d457e5a67ba6a3,4.05,product,
29bab1a7052376df87a92693b43489a1986afcbc166f9364a112e705db69bb15,4.05,product,
115f346c02a65c95cd660ba0606e5d5e2c0d871be208777deddd00f333934e58,4.05,product,
8d4a56464edad73023a0d1b16d5c14cd60641452f7b631921a8602405f5eafb9,4.05,product,
121a00be0b3fd1a8aa27c012ec133815d6d2417a9f6200923fff35c6f9d33e23,4.05,product,
8add826b09dad65882aac1bb24a347d1d07da3111b6981b54c7c04111d423446,4.05,product,
d89278ac318fb087a76344cd251097dcea12bd490103faa20e9faed1df71908a,4.05,product,
4de78702164ba94d820dc75aac5eff70e59f537d1b3ecb9919547db3fda27b96,4.05,product,
f6e4641142bb49e81f75db079de17c1fed510036314b7fd57e07892a3fee74ea,4.05,product,
ffd865687d4fe28127a621a7b0c6720b58a17057740b0f36f6e3b1bc6a9deda7,4.05,product,
968a70f5079611ec8b14bbadb5b3c4b3282dfbfd4084e29e375956d691dd6341,4.05,product,
494105bf2e4f43eeb8039ed60f05b5b5b4a418bac35f75d81820b11aab07a0d4,4.35,product,
ac118091640c0fdf25238d47b577caedd2aa1488e0dc09d2366473176a128059,4.05,product,
f157262c6f291556c1335a2ff823d688a8bc24323cbb7a716b400351473f85e6,4.05,product,
f9d0c1f026a47a0b566099fcabf73c4f4eec718ca59ef819b442d6fa07fa9b38,4.05,product,
8bcfe51b38475a5dd9519ae88532ad3ebf252d8b2dd88bca750abf99ff0d2160,4.05,product,
843e41c820d4c0d63bd459e550785f7b6f76e6bac7138b2afce4b3605808dc82,4.05,product,
972ab2569964c02501e7b14d408d10258f27860968254917b286b551d871826e,4.05,product,
e761632c80fd430f3be05885a3d1e43c8fe52fbe41d618ce554f5bf5f0741563,4.05,product,
6babe53547c063c06457c17a36131b9183590c0ea53e1ce6679647cf0aa428cd,4.05,product,
808ef2166be7bee84768ac42eee769e159c2a54f289bbc672b3391eeda64852a,4.05,product,
178089705f0f434897903d40eb1e0e64a5f53968197926b6decd8dd22b29aa58,4.05,product,
96af82763c8581704a430cd98aa0be076aafa2b5b413d5daf8b05025aeebd977,4.05,product,
61f23735382e945d188ce3926ca09e48bc11c190cb0db4642d480e6107a52459,0.6,product,
ff7948b24ee5b94d3fed19a0470317817188c740ff725d7e242aba28e3421948,4.05,product,
b605427d68081cf6f4a9cca93a68e4420c0c8d23833c567fc41cddd5769e4a04,4.05,product,
fc2983bd20b8a78a2cabdacbf928f3382344ea454f770a6a487b39dd71c6ae17,4.05,product,
21f7231b891e513b6adfe367c90edc18225756a8f7fb8d278f411c75204b400f,4.05,product,
2917682f9898ad58c56f2e8bdc7d065a7838cee4892277cba36b35e5e24c89d9,4.05,product,
92c8c1804c6d94865176413bee2e1b61b4335c51b01f13efba0d156f9ae1cb36,4.05,product,
90fa364b64fe3dc140b018b920cb98657084ff038c427ba98950e0e6571018a9,4.05,product,
fcdf46a683ea6e3bf8954b4789597596a452b214873d7de7fc89db0832a73f5a,4.05,product,
b3e2d2d58518fd94d17e0b15b0b097ec3897ca5db6b04474de42b113a41e77ce,4.05,product,
5377006133f3c4ef279d17ede1fab369b95fa82a62bdc2df5441c86b80c1c032,4.05,product,
0ec2e3ff4af9392c6189e129ad8d358f0dd1f707175d81d4af395ec299fe6371,4.05,product,
363611780e677cd9250fa54553ad87b43c5675d73df99c948f5d1f11ebc585af,4.05,product,
8a6d44499fa20eda60c926d7b67e293765b2e4ef100fa60be47629ca630dd13a,4.05,product,
988285110f4cee08cc16811696e849c41a34bc91619a3593e3680b499d07e2a4,4.05,product,
84b0409c1b8c01acd33338930502751e950f0476b76aa9eccb9722696a0e8954,4.05,product,
f8b288f206057521e96742f1fbefbc089b289979accc7cc4fe0ecb25b531be1b,4.05,product,
5ea791a48be426353c7a4684cf6ddd41fd5f03bc4cde021de2b3af9d656cd002,4.05,product,
649f5686221de228507377a8a107eb345818374fd50f85de427e7f3ec05c1b0e,4.05,product,
f3d004f453acd12db8365aabda261b8c4a645cf1d4eb43030f7f9c2760b47492,4.05,product,
91c8097b6f8cf09b8908f1b2d722b64473a1da03d34320071deaad4b83b8b310,4.05,product,
3314796b6565687dceaa281160c93f6988dc1836c9ae70e9e5e79951ad76b2a5,4.05,product,
4c59e98e7acc5bc8bc93919f0669ddeec210fe93f60014c5ce72f9c738fa03fa,4.05,product,
4d1f301a4574000d3625a160ae78e94f281fe57679b93dbcb11aceb78b7bda66,4.05,product,
d67748495d66ae703cb6884fd18e903e37cb8fcf21d61d62861398288fb67731,4.05,product,
ec4e214a6bf8ee24bff7fe6b35c5a340e915b1f77936a39cf0cede27b1e1e45b,4.05,product,
f2a056e25294c7ba25794289547af1d2c3235a2cfbbde7d80d734c53c3a2a86b,4.05,product,
b923c248866c97a6bbf47e82831ccdb578ef5bbf69a45c39161b2e1745ea912b,4.05,product,
3064b56047beaf1a937bde7269a61b9053d2e669fbcbb8a78d63e4576693295a,4.05,product,
c42c17a7189d4abc450d188c0f9d602d009ee3934b033d986388916e3e782119,4.05,product,
772f63708a11c953e8a32e0becf7b118cacbabc4275e1b3eaa8c0c1f47be82a4,4.05,product,
c3b316e31ab7cb26871e83f88f3021ab9b5ecb631484bcdd195248318973cbf0,4.05,product,
0325f42b15a18dd1d2c31197726dbf8be35524a7ee0131b88c0db28bcd75bc76,2.85,product,
3fdab9979d1f272bf0acac7e0cf42d1cc338f8bf0b9841ca257c9760213454ad,4.2,product,
018bd0549f77e21620545bc90abcb26dcc409f5f3704c31c82843480244ab708,4.2,product,
e158d83a177ee34853af88d2077746c47b525e8233198d46805d49d943c1b708,4.2,product,
d35d393a78bb3b90967a47160963eb2003209d451c945fdefc7d0a3a32a0821a,4.2,product,
5851680986c980bd1c68a05fcccf1bbd17ddec746b76ba0045eb2646b427135f,4.2,product,
82fa52196ec7c0c0fca0dd835e52a42c528f46190e6d61407bc38b9efd6c3005,4.2,product,
4813341b071bcac27f5563dbd91a4fd0d41c518ee29a530f0cd5f4de1498f835,2.85,product,
d4d861a4308e929cb490111097b04a011064a7fd33368b68987a395bda8e42b0,2.4,product,
8805945409028c1a0194d592d15581e5ca2b5fa1807c6ea7a08688d5f957c9ad,2.7,product,
996730fa7c8330fb54faf8a9f896e809ffeb706693d598a2dd9b20b2969ea714,2.85,product,
9bfb71b24986d6cc179876bb8af3564d0a740450a51f877e6e776ca397b87c3d,3.0,product,
fadcf21807fce8d4a512e703bd8abfbe257a08af080c09c14865508d25c2b074,3.6,product,
64e1128d6ae9a2b8da556a9bb4cf6290e7e8a22c5f4230e1d444631933fe7fa3,2.4,product,
245293e93c0315a845c4d64eed39d060f316e17034954734963a969e814c98bb,2.4,product,
ab4538c40efcddb4cb331c321d04b01819a520b961634c31bedc64a02b2c8223,2.4,product,
5d65f045829271ff26dae0bb519c9d8c6e936c1f6278ac9525a2eac4f387140b,2.7,product,
073dd7889fbaa1783616a374ce684a4970bd817bf35b11e9adb078dc56281ef7,1.35,product,
c66796542cca5569c048a44d61fa8faa43e234d6ad1d8b05f7ed865a6ea17f94,2.4,product,
27fea7fc9f37707507591e06359a004db89f6b6895b8f412d1650870529e318a,2.4,product,
cbba79766c04f0bcc8f7f7959dd07b1a5974386d7e6c789dbaccd47520feadd4,2.4,product,
af9c75c47c75f4c945eb835f02dd813a2a550b67da26b8cb5c01d6365767ef50,2.4,product,
efe3438b40f383ae5e98c090334384050637009aedae0dd659760f63c7c9ed47,2.4,product,
4f7091e30c35d27436aef58c1507b8be8cc8150a378be6326cc58f553dc74944,2.4,product,
d7bd76411b5069f18488b659c68bb47832a4ebce9baa0d3396cbbcbb426cd086,3.15,product,
2a2948cf044ee2be39c0d9c4e3a28ff89b86289e6fc3d004961807509cbc778c,2.85,product,
bcfb395e7dd8f81dbc06717a76cff75cff86374bdb5710eb814d365dc615484b,2.4,product,
a66b234b636012f4a92c9de7c8a712b84c58f7f0ae130ad21d6ba331ec269bf9,3.15,product,
5637b26920f7ee8f0652a192e0d296fe3af4afb9ac1c6f0d344a5114dd217fbd,2.4,product,
96ef8335712b512ca6a8b3583b48f9190014772def18c3288ac8c12ed1985668,2.4,product,
188467db1db7fafc7f9791ea0632c4c496b3f44479f92f1fdcd4fa8f1ae74c7a,3.15,product,
7c4597678da149c0c2949a81933649215a09315093f406f5e9789ce73987a3bc,2.4,product,
da01a2847fd4bbda0d92cbbb73b102bb8556c9c61aab4aaf7331b9c7bf166ec9,3.15,product,
7b4486677c42ae3ec62f6ab9899fca986a23181b1c3244dbfbc18f7bc9078c1c,3.15,product,
68ad268533b645841094f75a94770bb91dff9cd3c980f59f93198d2a9bc72f62,2.4,product,
3d3ea16b0200c8819db8e91f3cd0b48ef97607a11c96127b3bc184409a556e92,3.0,product,
ffa9636663ffbbb1f613d851970d030326683bad4b879122d5a62f5d52c4c230,2.4,product,
fec0558804b7d102160e4efb87ed1310e17aacdfec6d820dd3041f5ab4d1ac80,2.7,product,
5ac5b5770ba18a62c2b269e6cdac5b7fefe0bca1ad5cb39748d1acc50099b1fd,4.05,product,
023dd27806af22e49b137294bfdd5a565a5f23d5b7aa1cf1cf54db3b3c5c2f58,2.7,product,
512787eb3eac232e900aee2002a98cf1b8f7449008c9bb4d1590c4714e0eb65b,4.5,product,
5d0263c00ad974be468ba3cc24e50c0269d2aee90494a37164d72c973b4eda52,2.85,product,
377274c83cef468b0bc7f99b48fd9176b8ac3b79fda0a04b0e9e50ee170977ae,2.85,product,
8e76d124524c967a1fdb2d4f7b4577fecfe33ebb133df2eee45fb243e586b3d1,2.85,product,
648b232c14c7a8cf3c1bff31b0c2961189f408b85b6fb02840f345554e8e2cb2,3.6,product,
0bfe292e5c70f776cbd0f5907277fe0606a51e8e10d51b61c1a42e3955d859c0,1.65,product,
f54e64e759b36394cf921385feb2df09368a3145bc36863bc1ec6dba8b92265e,1.65,product,
9853104606767a208a19a606e83f91bd755ca2e8940fd98fb9156bb02f7cc6a9,1.65,product,
bcf0e45a6229b03acf175b95bfb27113f6b6fca10c67b16ef9309dcdac8befd5,6.45,product,
c243529f91cd369f4133350866838d44276d0988a6924617000d7695592cfac2,2.4,product,
fbb204b10fa2ca9c77c6d1df6353ca3c928defa2aaa8525f58f5903f1545a9bf,2.4,product,
89ee40842c12886bdfd6687e1738f7b6c5ba64a8d034f6dc602d95d86fb28fdf,2.4,product,
db06d06d28924b750f54570fde849807193db308252cdd87b83f5f636859df1f,2.4,product,
271d77a092079270d8826949f2976ffac978bcd55fa5a367dbd1d163207097b4,2.4,product,
647ca499563bc604a202f58c826189314b61758137d6236ba819d00fb1c5b1f1,2.4,product,
9559c2a16896cc9ed5475a8989a89d3cc89502b6f894e56d0225d57bec43061a,2.1,product,
96a2380657396b347f6ad3e59c772e485853db43ebf1ff2fbf355da3f00006e9,2.1,product,
b273e28153b9bf18a6d9346b674acb8b6d7824909e0ebd8e1ee24bd3a3e076fb,4.35,product,
91d920f94becf6712cfb217ac21530ca4f705fed554bc078509a3ba4bb9ef730,1.95,product,
f50349a88a67b153675ed846c84c73cee480f505e058b83cf07b66da8cba61c3,2.1,product,
b195e3e03663ed52e1dd669309b19b6593ee37330488cc1add9e1f2a62fc6db9,1.95,product,
ee4da29b1d791e771f4f1990110c085d1a51a13f57428a5dcbbc6f06db82da1c,3.15,product,
38e656d5216094eb09fdf4ce2088f81e78b8c640dcd68198c3cbf0bb76a017ef,2.1,product,
2aeba13c4965cca14e5af1af6c32b96ddce2b9498f762d44ecc2cefd623f494c,3.15,product,
555d40df5dbd18e84044f7067d4714f3a80c9630e62817096676dccec234addb,3.15,product,
4b32d41019581b33b7cd29f74c4946a1838d4db394a23d4b2dae35378b1c0b00,3.15,product,
3336626e5fe924d220ea049d25a9cc18b305cac289b5eb5a46adc2042808735e,1.65,product,
1a09417168422a4968e14760f0df4cc10ec8d73682091cd5c8585836edcf9eab,3.3,product,
1863b61561e92c9c669f97864ae1a01da080430ce2037e6a629f2b0c71268eb7,1.95,product,
9dbb9062192e7017828f5f4e13e797be3cb647641a2a8e72d6dfc4f1ee9e342e,1.65,product,
dd9643d54bbee5236d708b59e9bca08ea98434e3ace6b2bb662296cbb2da8c97,2.4,product,
16460335453bdc8d4778f9917b4584b876c44a4f03c3f4adfbcf8ee07ac0fa24,2.4,product,
036c33ca603b855d3cf3fc4d83c7c6c431f2dbf38be5ec39b492bff6358fa1f1,2.4,product,
285ab6fc82f3277311910f9416cc5763c4c7fd71dc821a3262e10e88ed6ce359,2.4,product,
70a9d80b1ead5f0b80098e14c4c52780c91d6daa5657240dc92ca0f98cd6cd57,2.4,product,
80d2b3a28707cd25dd8366fe291045dba2afbda74a084052ee1b24706b20a671,2.25,product,
537025fd55b5e022b7f01b2fd03314a66c347e4e38d2891e0e537181765fa752,2.25,product,
60b0e8dd1ec6d44566dfda774cca1a699818dd38a1845345dfd18adcd5d762ba,2.25,product,
90b0328b0a9925868329d91b2cb267590f7057545907dde12a0f04d68d60c89a,2.25,product,
df2e05d19649969a63e3b3b61929fd41dbfc427103549d15931434e53cc51e15,2.25,product,
97fd93b20048e8d9877d82381ed169234a76dec46ea59b2aaf0998daf4f83689,2.25,product,
a730267b6dc51000732af767fe82e4e89dae50e27c993b184b96e60c89683bb2,2.1,product,
07b7f71c244eccb9f2ecb2f02b563a30efcc440b0ae02904851987b3cfdbb32f,2.1,product,
633bd74896ec6bfe789d2f1079647c36c0af314d429b31067796a6cb5e43bf63,2.1,product,
383211390d1dfa87178ffef98cd81095e6435bae52c8021017e43886089738eb,2.1,product,
01dcb94b09dc76e78e11042a584838e39de9be62e5af20d5ebd60e9a8d11ff54,2.1,product,
bdae23e75edf3987aa80787a4f551a0af525b710ed8b082d731138f67f406c86,2.1,product,
b4db02065988b71feb015bea1df673d57b0c5fb016f30d86ebd206a26d374275,2.1,product,
78b738d53e1b967b687bcd984c774ec95c39dba0506a7fc96f6484a951e49631,2.1,product,
7d6cb9f98eff01c1e1bd44dbff709bfe64c996265533b34e1630d7520afc62d6,2.1,product,
62a587c83a981e03f6ce051465f4be102b05133787a35afa9391a8601e7535c7,2.1,product,
eb8652f4558d4b490f01c2caf3af0d271b158c801881013383ae3e67d949e0e5,2.1,product,
6b0b403e3b96c2208358e96edd4cbcbe295831379af52c9bd127c9cc64546462,1.95,product,
4b80a1157a7ee03d512da4023d34967855acc48a83e2873e34e7dfd412defef4,1.95,product,
77e4c93b0f0ac90253aefcbff12261c68424771ecd1a5732d3856613cb7bd9a1,1.95,product,
5900d1a27cdf3cdd01368cad7e4f99edc5198a9d21b8551070e76010ff41083b,3.3,product,
5e5972a30bcac9964a94ccf22a6e31be5ded10535c732562292bbc2a81963536,2.85,product,
1c4ed3245b1164ada019664f9e4ab2b45578fc026eadc79e5934f1d48028e613,2.7,product,
fe13215c9339730b2bf4dcd80d879d7379c5ad123ae664dce07b176870d385b1,2.7,product,
4291703527efcf1bf172c83ead2a730f0b1271826e9793a98ebc4533ceaa0c6f,2.7,product,
610363b40b759933717cf9f9c179468d57cdb9c3b5741dc5439b9d24df3dbe26,2.4,product,
3445f3730b2c158d3f8b9ae38acd1e9675664842f3a68ccf736d2db38d65eeb3,2.4,product,
f2bf40f27be417662937161eaf9d8379e647fc8f240ae94f632f034d80944681,1.95,product,
826dc4474498719b57b3f73fb81575a63174dd9366cba2d433790bea28c219dd,1.95,product,
1dfbf8bb4179e9ea2f5fb3cddb24680ba7ed1b0c0fd5ccdec96c61e43ac3c771,2.85,product,
8145a51b4aa4761cd291a3e447e15c00e559cae33f622d978fce44cd8c4ba385,2.85,product,
fb7ff5257fd2812aec2cc0c4a051e427f20f0c88b0a1b2851b1da3ffd5b2022b,3.15,product,
d2a7d2801abc16661dec8529f364c3ee4c2e179cad9385c7f3621a0bd67b57bc,2.7,product,
54edb3a98371cc34ae1d7496cc51bf9263da8f3413449827c0d60b87c366f18d,2.7,product,
d4ad017343ac53b9157ff6a30db6d05fb3e420921f58db1deee7f89a6bc72f15,2.7,product,
77cdd3c5996c0af292714811e4ae89b6769a3515d30397f2e76cab09227d4f13,2.4,product,
7ba3d93f210f7359ac6842cac6825f95cbc4e072e63db622393690381a0ac958,2.4,product,
d7f909c964cee790a3ca8599c686e521ff08407ee827e0549d186d3bc0f0e643,2.4,product,
c826919e0bb048d36874be42b69feb3caf6dd7a6bc28069a2f8354f22c546fa3,2.4,product,
c1e4f0f972e6286533858d5a7f05b0eeb24efb05e6198db1071231b820ddd1cd,2.4,product,
ab99c1e17a7626d734e2ba6dd8048d68b96b706df99d290fe2252191d5eb3cc3,2.4,product,
c48493b888d2e7afafa7587feb9cf3293bbd98c4b8b24c84799c5debe94c25cb,2.4,product,
2370e1ad497d082071ccdb8bd0fcc97d0dc7aab8f7ef1d9715e7ab656f69357c,2.4,product,
ea3eb4096e17999e7ae9655bd1bc9a1f388abde355a1083030b57ca3da8a92b9,2.4,product,
f40268877b79df10eacc8ef187265d184586faf7a2fb2386f0d224c5502db943,2.4,product,
17ed24d5898a54550c676d30bfc48c92c0e37a27651ece48460725422c28b9d6,2.25,product,
d9839882629bd9799e26beac574a5218d840c0b07386bf5fb6bae636e276af42,2.25,product,
c6ac761f70ec74c0612c0b7997d3739bc327a34c197f8b6012f72af533eefbb1,2.25,product,
4124276d2d30d6de28ca0a1fe7c30e2068edbf45526776b33ec8879e1eb12de5,2.4,product,
c357b26d4d4be8bb7381c5a08f28bf8c80778fd1a029e45b0fe1fd63dee2abcd,2.1,product,
7bb706ed55dac2af08431b1b8879798b27fd5ea10aa423d2c9b8ab8fb2ac1750,1.95,product,
bc6f4650281d98f0c8785da8215cd2483e247e91dbf771b7d895bb16745d9b09,2.1,product,
c26f33ca58d6d330121ba4e8906ee745a70aa26091b436351314e90cc3b56fe4,2.1,product,
565b10047d5398408c0f44c6d49bbebc1fd534378e8af93d8a58683cad70ec92,2.1,product,
c3c8779d5e48c48a625bb8e301528626e8a92468df63a5e89a1b8da4765834d4,2.1,product,
1d4e889b6e1338cc96c4a0d1482ac6fc709057ec218575ef034b39fa3fe5d635,2.7,product,
d7e801e8783193637efb0ef43374b223e4527e102b212546a3503c99a34254b3,4.65,product,
3243216a74ab248d5b0bfa5dc4c398f5d483b754aa50f319541c074e42cea371,2.85,product,
a74da0b09b7ea4876259f9258d98d173b3cf4dead2c2b84904523bdef8c19863,2.55,product,
dcaa400499fa81ff88b6f00250e7f3371a4daa7011ff0cb46af37ffc62774542,2.85,product,
66a901543266a7d2ad34b5c7bc47607df5e1a6101b0bb9a7dc4e9e0c3aeb3d53,2.7,product,
4a61482e81b4f7cb213614cf420db1cb2b5bb61c34bdaae8d861d7855e72e240,2.85,product,
c3bc418b55cf1034ced0f0bc7ca262b51d76e425e30425b13d5f61eb7bae6bac,2.7,product,
5614a4de9938c9447e762176874717dd3baaddeb40c104eead6a3da5cd07b53d,2.7,product,
a08824e169c8f3acb544961f4e74dd0bb0cc94a5a1c6aaec7eae8a45861da4c2,3.75,product,
9c3236b49fa2643377ea8e18682f4de3a10cd32e7079bec6620f451e6aa70229,2.4,product,
bb18293f4fe27981fc02fa967df0e82d579d194931393371bf7795a8a251d024,2.25,product,
5a4fa1f85d36552c6228a481e43adc93b2ebd7b28980e08f1f8dc32635c4b0fe,2.25,product,
e2d5e62795ac2ce0f188e694bb34e8a07d2daf6a7e235886c8c3dde3d176f3fc,2.25,product,
32b2595293b2fe9aa68ab8903f7b46bb2085ad5283e132c123ea46c1bcc88539,2.25,product,
6197317b787cd90157008349efb9c4e0369e5f2fd30a93bd21752aaf95834780,2.25,product,
46acd4d88af069ab0e835539af5db4612133860064dd3ff5f601552536d4250a,2.4,product,
319d874d092fb34046ff486334b6d65dad8f9a306402858fdd728643fddff97e,2.1,product,
d48292d33d0bc0771fcf45dd20b847cb8a799872692fb6245efe92547b89aeb7,2.1,product,
4347a7ce39b50ccb601cc75fd33dd0519b5c70dfb498b3450bc062a08da3e80f,2.1,product,
caa429508f2066ce77bd02bb89c257253c09c031fc04bae97a292e6fc210e61a,2.25,product,
1cf3a14e7ed1f0bec4c37299c935e13115fa38f7e9e24400f444b59f4f1c17cd,2.1,product,
a071269587fa2f8aaef31bb006083d434629159df201dc4605709ca91ebe0ec6,2.1,product,
8a75701199c5fd4e7a80db218ed82bb331fdd5bf1a805513e5e4c03280405eff,2.1,product,
8baae21d2234c799813782567a900ffe91246fe88e3e654062dc9cddfdd9d8d0,1.95,product,
852795c89659f76f9d688a9cc16e7252981380ead6cc031ad6587d41cdb10418,3.45,product,
53d5f0111fa2471755f8ede03dbd2b1bf85a86a0750cdfe745b9a3ca9f627caa,3.3,product,
0d8c484a694890feaee065103bff6fdd98e6a072e8c52fbc2eb10bf1109f1afc,3.3,product,
2a6722ce1f6b6fb4fab9326dd0b48087d426b654e3f28f344d5481155b0d935e,3.15,product,
4691c7638a4478958d5ee46c65b777cfde8b281f44390b6e5c16804bb4517908,3.15,product,
f1ce473087e18259d8c7e71b5096b8019391fd2e77e702da6e66c900ff0af206,3.15,product,
e3f8658198979d4d6df8846aa737a5fd2f6325b05e687214473a5e876dd6ec02,3.0,product,
ab36605b193276ca1e376fc38d5f0467ce26cb85b706d70f1cf3b971ad28b60b,2.85,product,
4f07b3f830372f5d51a56aed41cf05371447bece48041c68bd725c564156f7d5,2.7,product,
894324ba828e2a72c7edb50f6d19407b57f9fbe931cf4a085ced983214f838c5,2.7,product,
d336c1bb5213cad344dbd640a471eca4ac700cd4ef19e1bc4a87c24242dc8d37,1.95,product,
e0df733677d5be5fb4efa4f1ee6fb638f147cf08e9886b5eb52c154705426ae2,2.1,product,
b297a6527de0819fefa72fc7cc7f4dde53f3af40b3f837ad03b0e9f01f5c7e88,3.75,product,
826652982a7f5090cab6b349f10b88bfc1110e72f2386ea7c082cf045a36beb8,3.6,product,
00a9c95e160bd97c0116b2f94e53ffcbb2bbbc47c55561cdf18a5522a6d96ea6,3.45,product,
218830e838012c272424413bb50956cbdadfa509210ee74f4ee46c80be8b9c1e,4.2,product,
dd50938a458ed741f5646a1948ec603b00a129da5cf7d9a384f9d8def9239577,3.75,product,
3e90b490243da7a9469014f29c5973435e90c6b4edee578bbd870fb063de0e3d,2.85,product,
32202002387ced148dfdd2fbfedc9ea3883d3d066c4e1e3b231a4d8d0e6fc3ae,1.65,product,
5710e60d27d8ea5a175bb1bc4af5a0b8668b7a4a79e52e9e37bbd096c59b007f,2.85,product,
aa8ec13e3e323a703509db7f86e690277aac5332ef0829212b0c93e0dc7dea4a,4.2,product,
ce2de8ea1e9f85292b98f5629bc0e75683dcf779ccb8ca31cb04583f1e3250b9,4.2,product,
b0fe440f80025dc3033232a150eb89af7921e8149eba889e0073fd3680b0273e,4.5,product,
2e1b12ab09d24e77da5651e7447af44dfc100a3cf716c82876215c383a5cce2a,4.5,product,
d904d7400f6e675b9773bbf49af2cdf577d8036c8100592aadb0a1b89986ec55,2.7,product,
149bb39436e1d222b62c50bcafee6003e3e42a3c771e088fc9a38b37268d3432,4.5,product,
a1a3912532cd2088e89e33e545d2ff149442b09dc4d0150070f372b371816b17,4.5,product,
8c80476f985073bbda457148cefc70ca8058cfbce2a13a96de42be635efceeee,4.5,product,
faa1795b78a45646cff6616a0eaba02bc792b3c8bebbe6cd2b71fa8cfa3a8d40,4.35,product,
bc0d91182f5de06aa16d2b9de7dd64da99601e29dd4c8e9eeaef69470fb12a8e,4.35,product,
04f238a51dba30d566f4c2bcd5d8dbcca6968c646f2603c1906500a9fa6b0d36,4.35,product,
422e124b0ea49e7b3bd00fcdfc0bfb15dfdd4f68d474df962f2c95790d7c7648,4.35,product,
731ce79429eb479e98f7ac7e0a8e7d53438f26aeee691be2c24c076d0d602c23,4.35,product,
22cfa7546fa4aae44284d6a717e8f43721c58bcfa89ea0fffacaa56b78a706a4,4.35,product,
83b99651941e3303d21679a6e356a09247e4c4f471ac624cb2161ba969a8d7bd,2.4,product,
a859f231674d992dbd02155890bf883dea01740e89fdfeb8f6760c80730154fc,4.5,product,
5775c0df4d8388fd07925a311f7e69f8fba36ddabe38e9e329dcd1527e974066,2.4,product,
5fd4067f5c599d074fcb31869c423990533fe5ee4cbb2162f9f3ffee6d38d423,2.25,product,
eb91a3601be82c768c590a4247cfdb44ce5045612c67558124799773d438f44a,2.25,product,
531e84d92f001dcbd015fc2ebec87aa5f5dffb189283ed67cd2dced69e343e71,2.25,product,
b309b3923f82685d4912c70998ee285be6f250138565ef725e97bc8264e9b032,2.25,product,
3c7bc80d6c28158d6c680a4620c4edac7bfb7e638c376bb5dc58bbcfe3b7b5b9,2.1,product,
e93936121a5ca269a70e8ed0dfef9eb64b123967f675abecb8bfab1595d0e790,2.1,product,
801ee5711043aceab9e8e692dfb4a284a3e75bb06bec7fceadb5eecfef380189,2.1,product,
e59491d0386ed543ba77fa4584cb6570f346045bb881eaa0da32100d45d99758,2.1,product,
4ecb30146e57d3d854fee228ec189c57313157ac74b1af4ecf78699e8881939f,2.1,product,
7e35f7db749dca62adc54c43b1bcd61d3e910610950ef8a3e47fc187d0a1a69b,2.1,product,
7995f05d337b2759d29d63f238e5026e709f9f335000a4bf4cf9aac2b66aec9a,2.1,product,
7782842726ce81ff06ea9c49e402f997b67e6593160bd5bb0af2172171e84376,2.1,product,
83d4d87e1f1b42332f7845dd9a43a7f07b02a033df2b622fb17e277fe3323ac8,2.1,product,
4be271f9130065d2122db04767eb532ea5490cd5c94d4e1a122240479aeed944,1.95,product,
02ee72d548d5162f5de2494a96e78fe65e11224454281d8017eb7639b4bcfd7a,1.95,product,
a6e163f7158306a7cc88c6ea4190edb008c6e8d460dc4cd07eea3b3f59df7720,1.95,product,
6a7d494209353339da8972e084eac3bb954f5b6286506ebe18b9efa71ceb07e9,4.2,product,
938a08b9901f36049a360a8d73726e2ada079e3e1e646baade7123eff6526972,2.1,product,
e84eb5a04dda527f3f40e2f785ccce907fb5b0f11d5f93ba81bc413f9189ea3e,3.0,product,
f9b4e83c9a9b05d1ca6f378279b9716808e5ae4e44325b915ab62cfce369b021,2.85,product,
dff25773383034d34ab0ba19b14aa17293f9afbfe0cd542d6c35dce0e3bcd047,2.7,product,
2d98572c29cee4c483ae0ebc2c0d6a0d1296ba922561dea7548dac04fc7c6cd4,2.7,product,
a59d214860a9806eca9d0b4ad89df88e51ebf5788b91d0ff62f2870615561e7e,2.4,product,
a1c190514cc371d4f5c013efcd02dff71b500bbe99747e1151fe9963514a64b1,2.4,product,
1fa7282e7208eeab30b86914fb557999eb1f5c4d66dc772382b14866f7d65a53,2.4,product,
1d7905320693ecaffd807bd355a31d41a7a1d24601493105d345889346041119,2.4,product,
787c58d68837e2a503d9d3f184b45854011fc13c23a8b86d189f90353ba7d70a,2.1,product,
c5f6a3e369d25d70b1b211737ca7f41e77935a1bb72eba4a6033380aa8a407f4,2.1,product,
ebc647701f54fb3cb1012879646b283e21666d05861c2f17b6601766c5278de7,1.95,product,
1cfcc8922e57db027469c2a32a2a9fbd6f2971d0006515ec3222553fd2f6c5b0,1.95,product,
9d39d663982192ec1d10105b3948a35bdbef307ff490534d0f324a8cded64c7c,1.95,product,
dfea15d629481b8d0ed6346a67e451511bc57a56cb39a37080eac940f0e050ea,1.95,product,
1d9c102b386ed52c013759a7070fedb8302d03adb62ded0e9223395df736c67d,2.4,product,
aecfa22622014407b5f1ffe582ead018fab15f83f8f9097a5fb3f960dec80b1f,2.25,product,
818c88fe9c60b284244cd3346bee6ce3a430999aa980d829489b67c7fbc2e491,2.1,product,
d18a85b77b3affc983320d8c2c10b59ed000b971d618056942eb660e05a59ef7,2.1,product,
b6e3999c198cc9db556203570dbf37973056075e97f7967ebfd9cd9837c09e94,2.1,product,
7b3c14bf98da96ccf2163d6ef54270717a5c89df9e28c4b66fe6641a72fffbf5,2.1,product,
78f742267b90120d82d57cbe6cc5bb0174ae4089e6fa95b388ee294e47543c08,2.1,product,
91f6e6d625195dc0fc22e35f59c7789071274e4bfa535905206c80407b6a2de9,2.1,product,
1af9108a3921b20aaf91b5c40185b11f5863ac0b21d5dfa21bcb754bedfa6068,3.0,product,
6a2b666655d4a18c5e162aae6809762f88551963f69fb698350a291d9cae05aa,3.0,product,
3e95c4b69cc941131a367460b6cf11732339b4a71c17daf7285f65b615f373df,3.0,product,
754f62d2661e46d8e1462fe2919349e2ade76d438c26a9fcbaaa79d215d11e1a,2.85,product,
b51064da1195d2171536f67ee345c4a29ab41b0234f57559e4ffe27512cea587,2.85,product,
f779d8d69319816b9fb3e6fd85a74815b36cf1d68d7eb115cda03b8aea00c04c,2.7,product,
5ad6849a8d8433f1ec523925037bcc3b27d6213c3f686dd28bb51ac87dad2629,2.7,product,
3690f03e13806aecb27a8ce516ec83a96cf2706b8e166431428d42ab0c524205,2.7,product,
a6fdb13618221a22fd69173f9c8d655f9db8890b0415015dc69b57efb813e597,2.7,product,
d998815d76f84bb954af93d4bc91d37235d39373b1bdba95f6c3cdaaef8fad92,2.4,product,
bd42f19d4db78043ddfcdd5db0c9e7e1588cd04193e9604ec80df38badff550e,2.4,product,
7474e424461ebd0114c87913fe585b1f6f055a92a8b3ebf56cb4746818c8eff1,2.4,product,
79265880870fe5a78e438faa5fef1297d6029cd3a234526427880e54745db0ba,2.4,product,
a46ea6b49d974917392adb453641243632ed79dd93906031fdbc89fb4fdd5feb,2.4,product,
82a9754a267c6a6d3df4d2e56378080e1a766416937975e4da586a4ea76b5e28,2.4,product,
b89400ba1cb1c61b557603f05babaed6fb8930c22844ed886ddc8bda1749de76,2.4,product,
2087d9658a9a9c5fe0f85e9d1cc29965466a21197b21c199f57cfb3fb7c972b0,2.4,product,
1e9763a34fbdb05c814e935ce0a6b59e879d1d1a848a479c32227f8da7afb916,2.4,product,
7ccf52d5508c03856b6651a350d30072feefb59f111fbae2ee5168f3d257908f,2.4,product,
2040203a6eb11d6819e667b34fcf41d97fbf0318000edbddb10567e1121d73fd,2.4,product,
9d7a0679108199980c45b8e77cfce7a979b2f1a04608fd2cfb33495f200d77ca,2.4,product,
61a7b63c200b44104f1da4676a66c7c9dcaa73d90b9d6909eeef6b8c5c05109b,2.25,product,
0c08597782e39d8b536982395e8f9458669d40608ab41ea1ecd9b1fd3e717d5d,3.3,product,
ec6ec8d01ab70e62ea063b26ddb413e7ae75b6760523117ca785dd76c9e6ce84,2.7,product,
c2fae2f851d795ae07b51ac560ff158cdf7f9f5491c89acce9ab5663d495842c,2.25,product,
451346c71279f03492715b5884483bd24f16f4c606a9014df572c66d06d65cbe,2.25,product,
bf9225f85f6c9cebb92af326935309a3aaf47bd36d771692f3ef39444b8e429b,2.25,product,
8d5314b338974e8f86c08451e79cbedb408352a4a0273488b971b4ae27664706,2.25,product,
83c9c8299d6976eafc3cf838cba9b1402a1e1c11aaa1133c20e1c7a32ae3eb04,2.25,product,
43d9977d8f043e41bf06065f34dfb2ccce3ff45038c62b55cab9f6800bfa483e,2.25,product,
f5e179eb4eeadf1f3817e19490b75efc729e0fc44d8a924b7516f5a9f1e46aa6,2.25,product,
f39f19094a9a4e77ddd391f8c51254cefb4c8fb0e02f09c779e406317f4353c6,2.25,product,
b118145a1941fcb632210d59ba3a5f400010c6b008461b520902659ad9e93224,2.25,product,
08ac527b7177939b91fd4aecc7f16a7a57416ed87e685ca7eb0bbfddeddd04b4,2.25,product,
f0cad59186d2cdeb88fe7e6e818e0b61950f68e4404f1f48d86b9c436746c066,3.3,product,
8d88d9618cb989e6c257f34dee21642c896bcc13d253a9fe584fd2767df86d20,3.15,product,
6a3743f42b87848bc2fe05c2a73c8759c73d86ab31ad45ea163b5a967de6995c,3.15,product,
6118c75e135f049aad1eaa4c12585fc1f01758ee2ea990b4842662e72927db21,4.95,product,
f7de85e90225e442dac3f78d20eaa9e8f6548f97a6f1ebba923fadb922843763,2.4,product,
d83cd5560d6dc8f6a78059911a235cabcf41233f417dbbec761c1849027bed01,2.25,product,
3772026104729b9de12542bb219028245b428e952cef1db6da63dac9e2cf9e1e,2.4,product,
0a3110397796d4f2f077cd0f65a3909f452b914472386e512d900aef8232701c,2.4,product,
40d558d2731a346b8255b3130526a3a3ca9137a4fce9018ec97716828eb7870b,2.25,product,
8d9418ca21a262d5e3283468542ecb5d8c744e32fe3f9c779453ecddc10f0791,2.4,product,
b84e26687e3820deccb8a9e8b6e6a85a12d0ac70380d0b1e74aa230104a7b5bb,2.25,product,
68b998636028a264f44bd28493ebf0f08a0a50bac6ccb547ec9b77472280a706,2.4,product,
bd63808c35d8e687660d60962a9da4020a0ce0d33343d83da4fe21cb3da0cd8d,2.25,product,
2191419e74853cdac3f05e9a9165ae8f3f87b056ae82db2cb1a1cbf27cb9a465,2.1,product,
04e6062272ad043db43b02a47057cce5a3ea2a46c64556b5bbc1bcc50a134bdd,2.25,product,
4310a57a702bd1069fbfef25039cc57a7ddc1fb84905b49d1035eabffb61eb43,2.1,product,
8780906f683a7e8ff1a6b857a973c75b7d0b9ec79ca0c14412a2bf3bbabc6987,1.95,product,
f1adf0545f6882768801090d9e95ea97bc1d9afd131e816df3fcfe1a79caa9b3,2.1,product,
e18f443228db208e1c593206c212a016e00a4fa5519b966be89a38fdfe687947,2.1,product,
205489953845dcdb066e4d5c8b18f99c837557548a8238ffd7f6216fdeda0bba,2.1,product,
1aeed12b1490fa993a5d1aab7b5c97994b911b1195a857c2d75551b136b7b1b6,3.6,product,
cf6cd2ff6f658c25bb5dd090a833fb690ba67cc199f2bf06ecc96ddaa9fba38e,3.45,product,
e19b057c1b56e47b352818620d2f8bfe89ab06d3128a68622d08987455cb65fb,3.3,product,
d3bc2790080a8ad0fe676706157a5b88129fa24429646279fbda043fd32658db,3.3,product,
ea62670f6f2caa2110d8fecfb10ac7da4d0dbac8895ce277d8afbac4addea4ea,3.15,product,
35dc28b36d5d303621364800973f2e25f52ac7cbe797ecdc1467b0fcddaa7a88,3.15,product,
9367a04277749f9636cd74dcf45985a41e151c41ed79f1402d48d8c2e0acb010,3.15,product,
0a20773130a5f8864b674a136d3cabaf1c11f8f7fdcd228869e2cce68c02042a,3.15,product,
07e30427718352347999d756fe65ce1ae0782e3f3b7051035ca7c054511bd8af,3.15,product,
d8a385185ca9456edcc6f58d9406facfc0453459e0dd8364246701f8f31f8715,3.15,product,
0749448574a1b2dd4a436d18483a9432d04225329d539ff47fb39b837f98d63c,3.45,product,
a44cf429978e18e3a891e7f6fcd05d0fd8f02118daece949686a793a648133c1,3.15,product,
555937b8746e81879d3cb9060a5f50b5da318d43de6fc658ff45082e87a3c604,2.85,product,
ecb6025b98b8d7488a927102a82c58762de3e0db51056c8722104b79dfde57a5,2.7,product,
f2c286b6621edee80082b0a79b092ae7f4314500202824b14e573ea02697f017,2.85,product,
324059e3023a32178f27c4ceb60af9c138f7b15e10194172e8a89e2355a2b39f,2.7,product,
2842178c2daf7dd4b6b180f9675ec2954080c7d28b684f87d2dfcec838b5e9c9,2.1,product,
333a42d981ead61dd3e1c0de40006427c7eecca94f3c8e930385c0b43cbd751d,2.1,product,
d75ac9b114133549e40567172d1937fd47df654e674d6d6ee0c1b490cb0fa8bc,2.1,product,
e2f459e33a7b5fa8286c3ec6a179537b1d12e42501bd85568b5942ec05b6a6b3,1.95,product,
6fad045a9eeab19849e432ff670993b111581e8786ac2751ccdf9d1ec3bc7e80,2.25,product,
f804852c59098fdbaac15130c7ce68345ccb77543f30e3d3dd3f2bb76469551c,2.1,product,
f0db37111d2cf7f3094ba55d2acc78d18718a86caf7616e48bed2d1bc98377df,2.1,product,
1f4928b675ca032e989ed2c48b4410c42c5cf6fc9dc4d21c65ddd6efdff14d8e,2.1,product,
ff2547c66580bda3ff13635faee372de787701f545331469657b9b034bde6b21,2.1,product,
90ce17c314ddb303ab08cf8000cd38f40192ac6b17ec1f7c04e47440a06c24ea,1.95,product,
138e94293c31919b1c50da001e10577b1026fbe62c207d47f579adefe4e8baf4,1.95,product,
ba6b87a06f646a336e227b0f28d5f7740b1d3e2ddc944ff03d58bb4597b31464,3.45,product,
0807786e69c2de98949616595f89a0aadba292dd2a02905cbbc61dcffbb157c5,3.3,product,
6c26057f35636bcde6311fa7455cfdebf3f0c5a46e60cb0d45c167f067065b9a,2.85,product,
02eff92a7b621686c2c9b2db5e1c6c4a1ce9b27d39acfc7fb62ae56245c6e5a8,1.65,product,
de29e2e00d11814fd7e49c0dda507c4539a73efa778eb7a23c80cdebe23a5700,1.95,product,
46df749c7ca2212e20c5edb153ddace762bb1ffb9d9c81a1a4f330466ae51d93,1.95,product,
cfe5f80105aedb9a2aa2e6affe52638986a4d94dfeff4b4cb803b98a291b7462,1.95,product,
853243c353ec013eb2e13dc54e76e02484412bca9a7e1bfee19fdf8898e401ad,1.95,product,
93eb30d557fc037d2ecb84a027fd9d6d5a0bf352dd7abbaeef24f61e42825f96,1.95,product,
3850e57685e1b8181d6ad7425332ffaf4b2c860be9cd0694a5c962db4e9d8b9a,1.95,product,
0ccd47f18a09e9692b880eefbebd4b030a503d13e83d37d7bfb961bdde8533dd,1.95,product,
264938fa5f09c676b861778effa8f420f75f9cba445f5e06fb5bccf9ecd0a9b9,1.95,product,
3e9cf7e822d8608b6e58f74214c254b62be1fff76d62269a719dea5927ee1494,1.95,product,
7bcf02804404f94873f4905cc2e81a60e4aaecb3392d62cd39788cab8e898833,1.95,product,
41a7a4b67a8c9209d250d39998e1ec8beb4bda3930a3d04245765253151eb876,1.95,product,
b1a3b04c0b31d655a25b3b25eb38b369fb8ba589cf46447ba00b1cf8330bbf1b,1.95,product,
6eda28ef6bacd7600d1f3e554d6573dd54053b9c4baa663e02a8b1f3ee21d9c5,1.95,product,
5db0c1e836cc9682a853250b5a4fd07cf82c47636b026566e0876677819bbbf5,1.5,product,
0305e8dc82dbad14e5783c44be598a86c01afb02e590a47e2ad66b22d67980ae,1.65,product,
3668b31b133cf8a36c7725549804ff1c3f1ffff5d66bb62ad950a1394e4e5599,2.7,product,
0dddc72c6536d86258775a3f59aa725bd8df5153e734c48464dc739ee8eaed73,3.3,product,
9d6e93b87935ec529c9749135b42e5670b569027393fb98e6870ae9525b362f3,3.15,product,
e0ea88fe69d760ee2d5de7e82f018f2995a1b876618f96920a1832358cb10760,3.15,product,
26e1844998139021572219e53bc9db4fe67e13724e91533883e05bd81d0e2a0b,3.0,product,
95b32451128644a1663eb49db1a8e77c25a192fbff7397ebbf17efd105f8d257,3.0,product,
0e86e6197aabfd2544d08d70149f68847d20a2904edfa904d6a62fc877533b9f,3.0,product,
463be33e1e2f918243908e4a2193760d0dd24c8b766c9b7d708f1e0e6fc710d8,2.85,product,
19b7e85986bb2746e110cf2c9d81ac6e88097ca3d3c2887c5be3048a59760385,2.85,product,
ad11f4ca2a548ea9cf1614f0be9dba7c9348c1e96d9b8a7b9f12da13cfcc2229,2.85,product,
59fb86288f350df6e228d3e2dbbd3dbf6ae535850b0f72b67ee21db32d1a4712,2.7,product,
a633014e9cafbf21e5cdec0c4197cba928f3232de411d125e52b54cd9a28acdd,2.7,product,
129a26f785a11cc12835e63948187f386d990ec5961ffb8a0e43e9cd0a7cdc1f,2.7,product,
b5c4b4e03f41ed062f57c69ab7519fe4a45a09f99f9200ac15195b36c00ac709,2.7,product,
8d15b3ae92365c29a557356bcb10402896b6e57adddb87d7fdd42ee9eeb6ddbe,2.7,product,
dff11547347df5005bdec5c56edf7b1bef531fd95ecdaeba41a5589cf4b8011c,2.7,product,
c824f44f4168fced23fbb1a7e374ad666b70fed8bfac81a255adcd215bc17ebb,2.4,product,
9b8ab3bf1c3aefb3c8e4dc123ee082c1c481f576d76544913012a6d03f55853e,2.4,product,
0a32f83a75932d26c1ee783a65d6c35169bd88f9d53d83b04e9fced9d3a069e5,2.4,product,
e79b133f9967c141f74ee1ae83d7cb81113c2fdcea2c3cc73429cb78a9c4a724,2.4,product,
c65a73b7368315b290250e79de8173a99f2bbaf919eab8de167ac969c3caccbf,2.25,product,
846586512b4c475c3868896eb4117db2cedd11249f43abc2c0d3b4b2031acc58,2.25,product,
f7bc78479e7b103b63aff471ac39f41af68ad4451f40aeec9ddc76644211e13d,2.4,product,
aad56408346ba9a63d171d9fe6935ce0dcc914dee8e97becc579b99bc68f8200,3.0,product,
bb3413be7c0e3cda24061c1a80ba2f3afc8c0f99a2ac07651531f994ae9f73fa,2.85,product,
909407338d18b89a628174f3f7be12cffa00ccf6a6bcddcf1a9e518451ff1253,2.85,product,
4c0157ac129b41b4d82c822f235bb682f1510e3ee332d6a71bcb704ce1027a7e,2.85,product,
04abd33415f2af98fd7858191c8a0173c82f52632705a7f628a455762cdfd231,2.7,product,
90e4c3a931aa3391892b74820880b2dd8428acb40bd556864803053281c5164b,2.7,product,
86f3b3d98301949959fb51442f9afe98395f87eee2d1dfe03bdfbbe67db70d50,2.1,product,
b748e0996d5ba0b95da528c4088e50db9b99be5c30dc305fa1c765f7701a50dc,2.7,product,
96eed3e90435d56dd762752d53ea3781a26372b7838863cd5fee5c9c6a6dcffd,2.7,product,
7e1a425c99bd172f0eb7147a462448e6472da038560cea160c58fb00b99887dd,2.4,product,
6733460b27cef5aadff9d38ea446e38c9a9ca266661f332454f6feb8e7c9bfc4,2.4,product,
5f83181698ddf1948ca2878a6a2d823925f304031dc0faaeeee52cda7dea9e8d,2.4,product,
12e0a90b482e23467bcfe81fcdae9ebf4ca76e0fd0b466acbb135ce89683950a,2.4,product,
6006c3f674605aedc6dbc60516154fadfc9790bd6581fc8edb993edf18fde537,2.4,product,
c1bc43338de7e5c85016e9a461beb66f57a80db5582431ec90b39ff69ec4c91c,2.4,product,
4f88a8072d723a2974dcb67161decb0256e2054341b7e5d4f2243788e61f906d,2.4,product,
9aaea0b1707ba61c081de93a28883869f6e7f427729be2d5503aa93c32d301d4,2.4,product,
94c4a7b721150512900bc6a45741005a683b65cdef8264d9d92113a15d284562,2.4,product,
cab0a9896b68b666c91665755a021a92f6bb64240911a4891f6f615bb1b579b6,2.4,product,
5b1df69858ce66add06aed523eddc100c9b6af564c4c287a6eafa014cac86171,2.4,product,
6e3a24680633ac25cd5542302ff22f8cdae35ed6d7265fb06a1d55dba3f986e5,2.4,product,
da4180207b1035dd0f73a8cc481c6bfcc62b7ecdecdaba4c48a18826261879f8,2.25,product,
3d8956786e7f36d9de0ce048c72d6399fd04a24fd7f45d3936cafbc6b4aa83e1,2.25,product,
f3c2923e637880d973ed6a523058cd6aa0089bb22d63fdb173603ca710009736,2.25,product,
bdb02321034c62caae11e9680b8a654bae58883a4662db09f4a7a7518261127b,2.25,product,
a29d566d103a19b42a54474b9f4ecf73dde913054795073a9192e41f6a321bed,2.25,product,
b0b232f8578a22999c7cc8a0b5864edf2dbcd08f48f37d879c9f7790c2be5c64,2.1,product,
8ad0a1b084dcaf300d067bd25c062f59b8af27ee69d68a0601d455bfa96ff841,3.75,product,
432b17215b783bdd8a4aa8623ebce3e688387dc16e2dd2eab43698ba95377ff0,3.6,product,
f111f127605f77864c178830763077be62f1355eaad1a76b01f44a3a6eeb1f73,3.45,product,
30be452e5b8d6d32ff3d87c8ed5c49c6c4725d17a4bd51a77e15e3a67095e41c,3.3,product,
2b8ac52c784e177884683dc17a452f90ae434d9ae0c0e8ecc51cd06a5d4b706a,3.15,product,
cd2d0463913841a929d371be3479aa1c6f77dedb9f8cb3db94f016b891513a1a,3.15,product,
c0aae2461efc5f0f740889696fcf2725f1ac3ae812c6c5f0ec8f7fd44480ae80,2.4,product,
ffcbd84b44a019dd19938f1dbcbfb433e0a2831f54d3b61c68548c314b670727,2.4,product,
5304f18b6a5422f89439114428a45e575d618ff90d4c4136b0f5cbd6070cdda8,2.4,product,
e68772540aaff62a79fc0eae3a33b783895148c34f9f1f8b596503fe5f2f7357,2.4,product,
1fbf02873cd586d5a7538cd28e485d8b104308470db61deeb6c2252a21789c73,2.25,product,
c8d934ee46c729d4064590e908591cf440e9e6c48f4ac66b2219810ada82a202,2.1,product,
2a5cc2c7917cabfd3266436d286589bc7518f20855d4cf10b276bbc1f37088cb,2.1,product,
d358a0e38256d3306024ae18e402fb5b1a45fce71008e79ca64f74d0d797a640,1.95,product,
af9df8138068fdb9b7b4ada045c3604a1e5eecf80cc4151337f6615150fefd13,2.1,product,
225798bf1606b6190269d5ef2aa2e20e69a88344439784021bffa042286de557,2.1,product,
de4f34f96f5acf04ee2552c4f9d2e852b9fcf9499541e6e7d6cb083f81aaa802,4.35,product,
2f2e874782d2b0fe476f6a2c04984d3736793b2137f913433d464e8b2d008d40,3.45,product,
4223d2f33c46f4b268e8e695a665707d0998494f1981c393cf00907221f8b21d,3.45,product,
7493d96118dbd3ebee11f6e228cd72c469dcf96d09b31b9cacf4f013387ca49b,3.3,product,
95ed13b20eea0c9993f14eb26830222d6ccd4ebb95339915c58b31c872e3e33e,3.15,product,
f3eb723d356708474b1b427f1ed261161d46bbcf85e6e1b1d9bd03d1b78472f7,3.15,product,
453869407c29d58db3dd6a2072cdad36c98371d8ea36e74e191e024076372cc1,3.15,product,
6d23576c582c390df1e8cadc99291ba996e331d6a55807fc8a792f22ffd8d87c,3.15,product,
27db133f6de308467373e66832415e9750fd7bcc7e0be7fb29dd4091a24590d4,3.15,product,
cc93327762668b79f3c4bd344aed18e420325c80cee3bd6d200823ad88b5a664,2.7,product,
fa0be34a8dcfbcb6ea9565a5e0a17d20422c7627a0a2ac76fc6dbbb29a5d5fb5,2.7,product,
242e2107042e777c83f30a2ca7716f4789624e9d2affb92a966f3f05ec31525d,2.4,product,
5c5f851a484b0b76b4c1086789f01fcb0fd722ad4eac857e2a72f3296820b2b9,2.7,product,
8759e2d66a6838cb5f4cead59f6c72b6566654263119cbf3158551bfa61af85d,2.4,product,
beeca76a572bc94c4aac8c1b245fe8453efc22d36dd11945274dec1f1f204789,2.4,product,
369bf762390336d91df256632afaa7caef1ac6ed376a743a2fcd88382515ff83,2.4,product,
faa0f8cb2434dbf00e6961a9e9505708b12035f02f6b7830a0d0598837a85bea,2.1,product,
98fa567f37b40ffc530862d4297013c5d1f6a47a874701c8f7220e0d4aafa99d,2.25,product,
f5534695103dcbf8d82f82d4e6d73d11b67063654fff3860e0b98c4183068bfc,2.1,product,
aad0b2e0850cb5d7a1a595355d16e507ac948bee4a56ab696903f3f37af66f10,2.1,product,
b81a429467a156ed35c2552b0223fee013b5dbe7eff0d3d2b367574f47ce9ca2,3.45,product,
4083241f763be7bae8dc95ae1dc22135c4c903746cd54ffc83b2cc84faf9adea,3.3,product,
3898f91b7d78ac5e6294f00a4fbeb2631f54a48c7d2f55d5e291c7e27c761043,3.15,product,
dd9955cb23dec9b8879b189a3b9a643b32c3fb5ca4d7c9a5c4bd86519acd00fd,3.15,product,
6e0c610d69266bfef0e55f5971b423a99ce51948cb2d38b43ab501aef061a4ff,3.0,product,
765c420677a182547899331a4742c42487bb6e4e2f6a203efd823eef4fe5bb49,2.85,product,
72ad912a3570390eaeb5f9456b1ca794d8ffb6d82ed9765e9215b8cc168609f5,2.85,product,
1f57a02f40e3f6607ca6024eac945396b4b9bdd9de669d2ee15032084c85d8d8,2.85,product,
2f3a67bd047e9728528f556384b654fc213633315e1245432abd48eda0ea6382,2.7,product,
da51f06c5436dd5348b61c8e84cf9051153ae2c277f35aec9710c7a47dac114d,2.7,product,
2ff379c46f49e04958a897f3159f5f385eb3009baeb9b76e7ef15d1571262947,2.7,product,
568536620be58fe0d89a4ba79f6971e90ee7c151d7011a0c33d514abdfec33da,2.7,product,
7e62961409ba46d35a92e6a48df1624bd2dae3c57aa00af3a0cda23ec2a7bd7d,2.7,product,
c6d4282944a017c541e9c380fa454bd0c9a6e76003639a9da2efdabe47d611ea,3.0,product,
34cbc32b30a7b7c33107a5c60fcf976c6c74261d8912b2c1699c5adf2e6dd5c1,3.0,product,
4fd4c4a551e9c6539813c18498c7d879c877b549894b99633ac8e3d4333c31ac,3.0,product,
fe65807279678be60d54fed243d62549526804f447bc5b4509cef684b23b491b,2.85,product,
d7d4467a4c5dc7d14378276a5cfd9b155880ae8cb52fbc73e20ffcb87339e41b,2.85,product,
1c3ed7eb42d4911bc65b84bb0c61f8565b04ef377aa79edea28dc615be6d1ffd,2.7,product,
235d08954146d902517ea46ca6bc83a48ac0e27ca004161832f448cf0e364fa1,2.7,product,
ef60e7b83cfe04561991ef6384c973596923ce3b0e749c115ce027352bb4a0bb,2.7,product,
e8f077612c9b7dee3058422ff646f3d8961bd2bd8f7a1ad77464f72cb4344151,2.4,product,
6328499833be5c0ef8ff1d8c0ff0e1be5863213a6d0623afea53988d49df0408,2.4,product,
0a2b79eb35d0409dee59e87f9e0800402850c65e735adcc21b59c5eebc66f8a6,2.4,product,
bdf6b2f2797c5392136bb13ae7a789b92a80786aafcd7550f64a220582ed843c,2.4,product,
72b704cd6c95aa8eaeea08cc4578cfb4805a21a8e19763fefb6f6f01d5ea00dc,2.4,product,
a637758b7834fdf501a522a37603a9219f525dae8363b8030257fac42c74cfb0,2.4,product,
7863b4688d23d7e679774172d996a2895da345602dec387c3ce0fe1b31ecc679,2.4,product,
f01ef1e68e681f2702028978a46564de09aeefa36819639135e6499529d64e85,2.4,product,
d5bcd0e443d57fe2c4ea42da6d295f33d7eea44ca293470a9201507ac30c9f22,2.4,product,
a20ee86602a0cd9dfa1344ab8146aa646150306d6ddab2e2530380303526a502,2.4,product,
1144023e736d9754300070f86abbe8b6933c6107fdde5b250d3851eb87778dc6,1.95,product,
4b4786f09847b3c350ac0502ecf45963f7ceca765e5a9007aaf7a3a6cd3fb8ad,2.4,product,
39f9d4539ea8ddf600dc31e1ea855f43321bc4bff9da6a7d311160978f8d0060,2.25,product,
35ed43b444735a7935ad69ae96cfb0386f2a10b79dda24b290f060603826fbef,2.25,product,
1702f74a596a0eddbbbf018213f402853447188812987b30cbe12deab3a86007,2.25,product,
e917044a33a3a28567150a662306b714b975f9e7dd5e71f1b67dee5e2f433a26,2.25,product,
0be1b5ac07c03fb8ec936f972f35b1857981fd7820eed42d8835ea898cdc481d,2.25,product,
84c821b218adf451d60872bdfd3bf9e0519ebb8694c94ebec4e073d68aaebe16,2.25,product,
9854b02461d25bf666bbd25bee342cec2e072363dd2c0c8d42605210dc6cef95,2.1,product,
a76955153e9b6aa879d087f7f410a4c221e3c2a31f6986f7456b02981af6eed8,3.75,product,
28d214d465c983905bc83c243a69aa30a379c7d029d068a84970af9bb203c43a,3.6,product,
9a1fb74c895facae4eceecbb25839da407ab1236b6857d542aaf6f3f0a9efdbe,3.45,product,
6ec4c543085cdc7d976394231effaf455a3dc43b06253a70f7ec004eab21fa5b,3.45,product,
652d33fd2187129ee29bbb183bc5e7c61fbfb7e0b93b3bb807caaa1e3a8e3f5d,3.3,product,
7d9e520611822e4dd6b37f0ac61361fac7cca211d605a53d3d066e00e3d8f61e,3.15,product,
2aa2739365c475faa319c85ee03f67ae05c4d1947bf6e014a35745b693e50d6c,3.15,product,
87c894ea9d6ad67347c892bae2387cd78d3a511ada789b3d2ef8872644585b33,3.0,product,
9b35c37835f64e1b7016c1179633395e9f3ff793d767e275c9e8071b03e0a613,2.4,product,
96d7672d898ecd3954a4005faed20063fda4926bd4e45cda07354a1a3362823c,2.25,product,
26e36209390bd63d6a8ba77b1a674b8018f3b39e325157b5ca53fc1de13d4329,2.4,product,
0ab0f14c557762b20f493f1e169dd39a634e801838ef200849b725171e8591b4,2.4,product,
90e5a596196648b49407b5ad53cabf50760254733daf26b6744e9f6961fa5701,2.25,product,
7ca8e5da1a2065515e8c46259570ba73d40367ad6b9acd3cd387ca84c0f5070f,2.4,product,
27ae35c478cdecfa4c5b9eeae0a65500827bc1e0087d8c69820e274fb079fe88,2.25,product,
c20d36883f3f545554e9e926e859a652ea6d7aa56eb0b95f37202af13067ab3c,2.4,product,
629f78454181b14771a38b72a6264b34ed4da412450f8441c3f2f408c230437f,2.25,product,
e9e8677c9c63d1fc5f6704d4161ecfce3782d729bfee54c04720218dffc3dcbf,2.1,product,
7fa5341d4285da7d85481bd644453736a8b116ed9c9e033b5eebf23f1d13e573,2.25,product,
9556f3473bcaf29e076079b532bd997ecdb09764198c6e34e3680d898ad08562,2.1,product,
ec3e113f7b1257018934bea27a5e6a31172004a6add0f689ec2fd086569e893b,1.95,product,
eb9c51e99448eb6dd7c55e23e5a4ead15264b429498e4fb7715ba862093c394f,2.1,product,
7008037608d0c9f7a2a0d3204896b7ce51780c8585ca700dffd8a9a9641abd56,2.1,product,
9281225d7a5f700a8238285ec1cc034ed0bdbacdd71e177d0b5a599156d23738,2.1,product,
e0c480a21d9a452cd7c4b01339b31fbb53166ae176c9cba8355515928ce4ad5f,2.1,product,
39ed58b21d6cf87f14913b2795b958fc3c9ff26a2f5983eeeedd13bd582f4ad8,2.1,product,
9026d82993bd4fcc22e2f97083290396fa8bb7133be0add095307813839c7974,2.1,product,
1e2a551b46412f8e3c1619669fd0764809ed56fc41c400d16d5104c9c6e42ff0,3.3,product,
bb5af60299fccbbb6a93ae73bd337833d0590becd76b87b6862273494b5dd0dc,2.1,product,
f8c7f7488c7e84f092c181fe249ea2a73c59b82f1c8708c34db1691e42948411,3.15,product,
7b7375f886621fcdd0a56d2c4cea3b1ee97eaa6ea551359b4e605ad7791ce9be,3.15,product,
8332431c5f4ad0b50ed6264be738451cbd0ea54b5be9bbea8b415ef53294ee63,3.15,product,
c77ac9d76a0e390efb6034376de6bfc9de64ec81b9c91ed453790225e7b032e5,3.15,product,
367ca1d2911b4217114789917fd74bf23817b8c67ce378cc7563ab7ebb2521e7,3.15,product,
ae34d96865765e5407dd2833a9974f2eae452cedf52bf448b9f9d6c153cfa09f,3.45,product,
4c8d53636242f7a40564fb962332c5e647db2770d85ffcbeb2b738a65416c3cc,2.7,product,
a4ea031355071c0a0f9d9a300eb30e1ac996a2b0fb139620ed9a0aa575ad2086,2.85,product,
49e138d570ea42a0deeacaffb008574cc77e22e4271d04c0894c47499a32c6e1,2.7,product,
0b02e8eb6a8fb3ba1d4f59298a9d32d52e7bfee2737200b96006661e9cc38e91,2.4,product,
ad28d4181e9fd81fce16e76cf6ab66c1f4de836d9d88b8f23bda6d6ea5ea1ed0,2.7,product,
4f4731c2377120cfea79c62d27830360bcb00070fcbb1eb479c56ee64c38ae80,2.4,product,
965ee20c4bd74ac2e6ed10cb988b2e12cda6796cfb2fea5a47cce2efc77714b1,2.4,product,
f4fed5361df048a549d5ca268c56d6c81fe7654fbd5892b702ba772781aa827e,2.4,product,
ee8279063e8c09a62a1d2e6bcba6a8b83510aa4302a4eb7fd00560c7b1aa1dff,2.1,product,
0846a3e56fd670ea3784c825a52efc4ce1181f288e6442d702491a97d1c657ea,2.4,product,
8b2bd94c0721aa0662ff20d1d3d6a96bd93b4d481a538c19475d20d9dced029b,3.0,product,
641be58b5a6bb5f97ccd6e04618583df399d90aa199104ff922472a5b8079c65,3.0,product,
c63586f786bc8c0ac13789f6b7a5dea5df64d380fdb73c13a317cb004fff559f,2.85,product,
a5a6c5ff2df8f02b2afbeda4e2cbd8ee3d446b5ff6df61513b8ddad50d0f3a9e,2.85,product,
07b3d9bc0cdbf40641c7138a6376369cf5ef796f2f94b0f2ff9b21c086bff481,2.85,product,
c03e1978110268a2a0cd693ee660564aad5d97f408d34f103c16141146a99671,3.0,product,
8da021fa69ffb30e9f8d9626f71ccddd924b8e6bbe45e2334bc332307dfb689a,2.7,product,
2f69c8e7153a78cbf5ff3b85d2267299a7a34370c49e9df4615deab6337d736a,2.7,product,
4103f87f63369ef37a3a9aeedbc98400f1508fb79081b67fa93f6a206ac1268c,2.7,product,
4d89f129828eb6d1b7ac00c692989301192a92ed3d5ebc290e67ab0cff6aeba7,2.4,product,
f5c38690553143464690845f3a262995e9cc29bea026029fd92c45fae95863f9,2.4,product,
926c09b562d384b0e4f0c466aac042c5d6c2da44132e39914e79d800e285be22,2.4,product,
d229e06742ecf71e9f87f97250eeaaa3728dc3fddf737f24052ffc0384600c7b,2.4,product,
71fc24ad5d860df9d13d2384532cc7201f441933fb58a5b4bcbf8f19d219e08e,3.15,product,
0f5ca4388fce6fc1d13eefbc8391eb2c38eae05bda4056317a8918acb6c69bdc,2.4,product,
50a3c92f560c0d8a6b5961b80a44f86bd720146c377d6f4cdd07873190d36119,2.4,product,
a11ef2115a2dfd67ee0b8b5ab819a51cce57cbfc2a9467370ac1c10b162b61de,2.4,product,
5e84690b9a55323538880c9b74bf85341cfdad3515ee182b37a3df55a19254b2,2.4,product,
d04e04325884a78da4e91a5aeb47b7743c377062ed0bf1c355c62c1b2ef71dc9,2.4,product,
86f2187c134e26557790117fab9c03da1f7aaf014eb636179d4c50a01b6693b7,2.25,product,
6a39452a22180e0f28bb6e2b0d615c167920fda11b722833fb79dcf04a9659ac,2.25,product,
dfce429e1c91d2b7f2bec2a7fda104d768bef05f0aef5530563325c7c76865a2,2.25,product,
3aa781402fc6c6038098de04ed01b713da6907b575912206bf3b888f7bda33c7,2.25,product,
7ce8b24d82da839ce4ccc6542137a1073f2f048804d0b8d04fefa960b0057f2e,2.25,product,
b303f25581de8764f6a80e14e6bcbdad0360658a32777281c5f691221818abc2,2.25,product,
1c6fe9cb92cc61264d044abadae1aefec39889da0fb98fcb057ebd33f05b1704,2.25,product,
3478c6e1435f09de4e452529c7b298e5d1b0102767287fd7e66c664d01a9680e,1.5,product,
182df3ed9df47e7d7d8ed2189f15f0c62886b090db5a2ec1e7af6cb03ba44e37,1.5,product,
176fd0bf84c597f8378611424eb412ce1a237fd4e35ae203af23fce245dd1457,1.5,product,
cebb644e55e088c88db1593eb4e4583d9716c1f9b34f6c2397d62ad6f0302702,1.5,product,
623716a92cbb0fd79c8f9da1aff0f9672ed1c21522b64e0ef00966a9ecf60e19,2.1,product,
4c6510c02895b0683855199a2c5f9df3de4c9e65935052bfaa6e8bfedfa79a0d,3.75,product,
0066a17b34d942ef352c71485d9c72561a87ee09e85ceb6b3a62668648dd25d6,3.6,product,
d039b58b4c84171475e2ad2e86b4d6b2924b61fe23bcbd0d7b1df31765c7a7e9,3.45,product,
cd5101717f28bc0a37a8470a70ac723372196c07400da15304f48e0a3d86ef9a,3.3,product,
f012a514190b907a9053d9c861cc59a15ec4568033ac22ddf0e6502d8e5b70a1,3.15,product,
9f6f026885a11334cbdb228141550b67ef13e65f683b826e66137df5cd9d7c65,3.15,product,
a948a5fb095423c562971cd0511458a52a0b0280581a051709945b08a9fd3806,2.4,product,
7ad9f88f044a0a8d07c573d9b642270ac723f44134aa7595ee97f567a143d9be,2.25,product,
c607401e1213fe38a3e8f370ede77f4d1f431034a304c1e7ec284b71603f6cbf,2.4,product,
31aee9fb9174562f7f499cea8c845cc3ae2622db300009fbff5bf65325f471ae,2.4,product,
0c3f95bb2178c67e6101e562b475c1786519247e4064c58971229e12a37a5e8f,2.25,product,
84f664555808d0a6edecb54e4bd0f760f10f96326284d922cf0778f0c8d8c059,2.4,product,
a6a5b9b67bead1d2017bb9deb78673ed7776d95591da4e4b95b80705c0aa2cee,2.25,product,
64fed86d30f02fd68e47ed82640743ad091858f62b134fe220cd37559054c891,2.4,product,
97eb04756d02e95385c1eea6a4416898941d9e65dbc5bffa548c534995335158,2.25,product,
6c4ed77e47903f9bac6031da5619bed4ce5fe3348584e751535c099e7b18cc02,2.25,product,
5cc9c26799c1a823863d1787011cd1878753be7e943bc3ce28506dd919802ee4,2.1,product,
8c4986fd847c84154820e590ae0f345a0ec88816bc823919bb46ca017d6eb176,2.1,product,
790137d437921038ec1296907a01a8f1f4ad319f06321bac1a86f041340c3ddc,1.95,product,
e89928936bd01c62994af3747f508da4b49670653699e4cb023508aa63f448af,2.1,product,
ba29168c5b63b4d5cc05c8cfa6a053f04b75cab31650d7f1c8bbafdbb9289085,2.1,product,
1ced64fa6bf6b93190a4aa91c490eabe594ece1b120a33788ec2a04a770c85e8,2.1,product,
16fa593f804d530c71ec28a89783df709e0eaa1a7420da380f6b2c068cbe969a,1.95,product,
7736254c2d5ecf23fbee285bee611aa8887c53b10fbb197cb0adabba216e220d,2.1,product,
90dae352941d3b8a4578303c350e53511ee305f1c03cbded98eb41f92042a812,2.1,product,
fbde49b959d5d049d9195895a3953490f3c3c3592091837f62ff8cbec42d6f90,2.1,product,
30ec944d885ba4e1d7ffdff80bdbdda8ca9839f0e61478aa26f7f5d101d08f7b,2.1,product,
71e505ee575bfec70038fb96e2e8fa76e8bc1e20bf8f85da4bb439e7153e99b3,3.15,product,
4c4fb79530bfbafc1ae9113b76a9593228e664f9a97a8de05bd203b4b47472a8,3.15,product,
a2a481b651cb0afb604a615de0cea8ef6b43266dd97af9ec0f2f4c2c58a98c42,3.15,product,
0e53d9e1814fad0678ec09d9663857626bee5018b6f1055621eb9097332a33c6,3.75,product,
4864c39e265cafbeae5eb55bc18fb51566a7e39c7cda3f8a09803c825134f3eb,3.45,product,
349ac17112372cdb302fd9f0efc6477c31d2da9048149df92dad94d0543c597a,2.25,product,
1ea4f5e57f9b02c96b3a82279045874c757275b6e146f33b8b0f21352e98b62f,2.25,product,
5d1541910d89a25cbd8219e6181d8f0db5e4d2a749328bceb2d4a34bada1fa64,1.95,product,
4320717d297122e4611eb06d52b6e68dc0ef130dd6de29d91ddd25506cde74ac,1.95,product,
0bf305a72a4d0835d04acad39af2ec8db16e460cf0f70a35790e4d8fb0a67739,2.25,product,
04f4c9bd97fb8a76473fdffca57500b1bd2e67af515e4edf4afb8401bf31225f,2.25,product,
66dd29922966349e1cb155da288c305c18fadb86a32100c0b0037570a76597ba,4.35,product,
41be35342da16f33788c2e1920c1b21c43091d372f0c344a0abcd934d74fe7fa,4.35,product,
1f2797b56edd84e9af0423ae80492233e46c4677b81894e6855a04ddc00ce660,4.35,product,
dbb3f5d39d47d124a51542ded9bfad76e826ca3e0cfe8805fd48516b45bc54ab,4.35,product,
edf4a78d2c7939852ddd40926ac816a520d7df404fa36d4e3960f53c91ba8f06,4.35,product,
6f7815693c4ff0587a457de87bfde61464e6bf0e0108746238ea78a618f873cf,2.25,product,
d7b6c5f77f4b403b706dbb11acc67000945bac3bc8ec228b69435ce511ab56ed,2.55,product,
f6e351e8769cd057e108adbd17fa05e8a265afd03de0980e1c38cc69a6db9b6c,3.15,product,
d75043f12e55b6c4be71f8ab11354ae4f573ee26dbf1031eb9d49adfaa458e84,2.85,product,
8fbde9ca8f184bdf05bfa96c43b039c3c97202f1f6bf4adb87a19e94eb0fbc43,2.7,product,
ff8614e14d1721ade26c846a7f612ea148a0f246a585ad1ffcbe884f871281d8,2.85,product,
eadab6066ec8227758f0655e3a2df161489dc31199365d152341a74de418e166,2.7,product,
3b0b888112165ba562ca1e98389dd58c408cd0b3680ec70a2fc9ae3d21cb99ef,2.7,product,
da0e88351f950877b5f43a0fd862b2fef9f5e82db5315081dc3caccf0d0dfb2f,2.4,product,
3e30b8d3575e1aaed8f84aec59bb9d22db2ae00a88c1be62f485163cc356774b,2.7,product,
35a673b4291f80e4fc07e25005627df51704838290f6702432b8689b88a94fa4,2.4,product,
b20b9807300bd50843b13eb944e2c2f829400aa2f40b4a6e72b616166bd2b41a,2.4,product,
9275b89a32b246ecafe240c4b5f1bc024e46be9ee613994ba572d837c41b7544,2.4,product,
1a1799d0116593baf1f3459792f400027e15f6a292236f5253f2e5be84b6dbc7,2.1,product,
3dc659406978bdaa55ed80ab2140734a6bcc6bfa44b75677a3e974ce1ebb9783,2.1,product,
f7cc402b56c3439c622c1317677cbf0742173fe45f765c4546a070f6f39627b1,2.1,product,
64d643b1942f78fb8b194bfd9922f88ce035c8ea68a9a8a4bf713a55f4ab4dde,2.1,product,
fe77e168804181be04fe442bdba572a562ac17c2f056052dfccbe5bed78d86d9,1.95,product,
770816d572d1fe5dcf9fdbc831f68a7d996d22f0c2316f029115b01c0e695bf5,3.9,product,
5824d8bb53e40dcfc94dbdc9e13d41eacce606e9cd4b06d7105ef4ab4413b813,3.75,product,
8d56146446912e5be1f43e952a18d73dc4927afc964f3e08b63d1202c7907ed2,3.75,product,
c9e988ea84961862fbe601db6e97d36d28839d215cf24574b28dc5462a3fb0f8,3.6,product,
2309c8fc5afd5c9021325f7e9761dbae6559f1a35787fe32b9952ca4c0fd196c,3.45,product,
7c9d32e64975cd0967320d693cf24f414be38fde983e78c972fafedb4694b7bd,3.45,product,
2b69888606f00676ae7799d52b08804059ee9e3f04336c01fa3a8fbde2d613bc,3.45,product,
f947562726cf0047ace65a827906da66df73f0106f2d6971369fd690abe3000f,3.3,product,
491f72f59184463fd854da44b6aa48dfb6ed1748b98d27cda571cd762cf8ffeb,3.3,product,
3ae7666f07942d2bd01513c9d6891599600094102d246c3b065a3aab4f95ee02,3.15,product,
4cde734d6895cbf515082a42d1b18178fe3e193b50155a9d1f6fd1e85ca7607b,3.15,product,
593f49b06e57543f1eaccbd6a08ebc31a5fec0358927868d1d406f0d9c93ddfb,3.15,product,
cb7dc50592e7afde1b1d1ee4e725cf1eab34bbdf8c42725ff5f5d4d5f82d8173,3.0,product,
3653198e512edb17731caab89316901436dfdc17ed568299685ff9e974f42055,3.0,product,
d01509060bd2e5c909a8b14ab9e1285d0b1d3d6ffe233a4c6220891341a9c245,3.0,product,
3085958e724680c86a9faaad7ba10db0fe02ee56d2c8ba3c706af464de5012e3,2.85,product,
874e886c7943db3e099dbcb12135f58962bbe7284815c79a16c3f04180da9686,2.85,product,
bd44834982b3f8e97f9dcf4cca3557aeb84eaede0ae0cc1f5507a2979f29f58c,2.85,product,
54ec81c63248877b2628ae44f919967a655c337bd1c9a28bb71c924529b0e621,2.7,product,
c0f5f5d72fec892f02efeb4bdc5b9e2f2f2a2b57a7a707405b385480a4bcfacf,2.7,product,
029f18e75e8f5cdbf749ef925c9ca31681bf6b4829a65275f12d6c1dcab9dc8f,2.7,product,
2719a7650eaafa72d2025bf87909bce3693cab465cc9f546796ada6f02c944ba,2.7,product,
ec6ca3d53035199ed39853ad1af1b77b09f9514483c958e598329827f947bbca,2.7,product,
2ed571ad9226138481a8d207d5b67e3ce27df2245a2bea7d5b8e8933498a2e5f,2.7,product,
69c051da8cf24787cc0e940744013eb09cb9a51a41491054895e3463bcaa2784,2.4,product,
cca2c3310549c810510ef67ff81fea73d8efa66018c5e47ed2b610104ad57284,2.4,product,
b7e5e04f7637354fa32cf7dcf07e2ca70f318e3f22ab66a89b519bc11af12f88,2.4,product,
bb1988e6838c07e619ffdab341433fbf6723031102d0ee8833f526d8be3e3fe1,2.4,product,
4f1667d26a18190cb9d4e44e7516b678865785a4abe35a410460eb72ab833327,2.4,product,
954b376c02c54a3a6483c7143d519a77987051d4990392918a71c889139916c9,2.25,product,
b53201087f386ab34e2ab6a56b3a8679852d941b846d153b9d94f6c621b1071d,2.25,product,
119f436f24050c8cfe9648869f4c10c8849807ae409fcef35e0f29bfebe8696f,2.25,product,
fed7410f2c0bec2795dcc7af19eff93583f164be1f668283b2d8ba8f25659793,2.25,product,
5fc8e2f32883f0339085eed53fa8d63194d55dd08aec129963cc21b06ace6335,2.4,product,
4ff9b3a98797ebc55dcfc96aaac755279097aed70aefeb5e26510ba85b6f0c2c,3.0,product,
d163f3e213e80a9d2887149f496b53b5dcfb5b9fe13105f88612926b20ce07df,3.0,product,
b6cf20e70d69d0dae27dd1382326d94ffd75fdc848a3b4df9541f2003b92e8ab,3.0,product,
6b8020ba345e1f0fcab9c3b1e75d34ffcf1347cb15f3cd3aa3286d87951850a7,3.0,product,
c627c2d66878d3464365f5129f366715ad9a1a15be521b65526f4ceceef2dced,2.85,product,
dd5f78958f78c122fa2034582b2cf755874f6ad71b22f0b3984e26884e2c394f,2.85,product,
0a30c98b6778385dfae776785926eb0727c86f9070525370f4e403484c14d9f2,2.85,product,
a6c5895f1179aeed97df708eec834f8c683ecbcc9cb77cfcbc6bfd3619311596,3.0,product,
09abc3973223970ba8ea5f860f262c057183ea2daa5c04682c82265b03eb11c4,2.7,product,
b073d0805765ece2e1f281576b85b56593bc81db07e9f342a2672a6841de3df5,2.7,product,
ea1a982456e4233c0460e6005fc21957099b1ceb8ad32fc4a1b9d24fd424401b,2.7,product,
6cab093a804c6ee6ecad747f1be423a39915fd5fd3bf1daf16da5746b27b0f0a,2.4,product,
2906646244e1001cbec77716d23286e7535de38f2b35b439645fead3bbb8d22e,2.4,product,
f6b4d2a23e30129d7988166f1e5eabec058cb5a220eb1926c9c3451f2b621ff8,2.4,product,
446a28d265a6ca68fd0569a7aeb00a958bef8e7552da588cad3f8928960e9be7,2.4,product,
223f98899ca74843c3d4430c7c351b0a8904af65033cdddc16531e1894bc087a,2.4,product,
1499738507e4554a4b8c49c4a5434a5f37ecfb7fefde9343802bcc4b0320a8be,2.4,product,
a604c9e72aa85ee123f97d72f7fc465ea96040734c831a16f6950887fb1ea806,2.4,product,
7a61791f8189cc7f60e4a8bdcc530a6c2f60b57d46d3be6039b96f39a43eedb8,2.4,product,
9e4db6f66a960f88644a4e03d548dce152cbcd0b8268f21d63fac8497196ee55,2.4,product,
1b6db7a53c6cac8b9851b349096995420490a284511d28c94a04f20c3f7d1005,2.4,product,
ecdb63a84df573785fe4bef503112bd19b017a26cf4fedaa1ceff10b67aff6b3,2.4,product,
6cbfa9fe0487aa90e8869021c61369d07ac0defa3d0cd2646fb3383458ea87fd,2.4,product,
a2ee33432f7bda2577cc39d10a46dc77d00c0748abd1c4bd0f06513c4202745d,2.25,product,
a504a37d9110252da92fa8f92eb8dac7d5a09a8c5c6a1771ab353169028e1874,2.25,product,
c82069fd9ac206b128586bf01002cd0e95e9550c784573519b0249b03c665b5b,2.25,product,
86f113242b650d6ab1462754ab5454cd5dfe4bb6db96cec4071510bd9124d184,2.25,product,
f257307a3e8c45a6db5de1e86594628e36531d9f39ec3b1d860e8c03e86b705c,2.25,product,
0182224201134222662784d86ef0d68e769dfee621723240e118a98f85f8c918,2.25,product,
d996d1d14489304092dd2cd3ce0cf5578e75950fbe65531b8e7b5579f044fd85,2.25,product,
5085e74622922ac74d1ac686e86f90024eefeb0d4f52fe65b79509af9293352d,2.1,product,
6b4d975973527ef5738a33b51985296332af2e49eb5398fa2ad713802427ba8c,4.05,product,
fec3844c42682608353f47aa91b57ad6d3f810a25f846a50d69eb1c08477b1cc,3.6,product,
8dd5d1e9570e70e7f0a0f8b9e8e5a60975ab8aa6d0f2b1299bc3a2410d93038e,3.45,product,
3ef239e9185c86a7c942b30d1893fa518aba6ea3eb5c31e867bfa7814488b843,3.45,product,
720f29567bf85baece5cd2fb3424709bd06ecdbba3baf877552872d637da85e1,3.3,product,
da8855e04ee386dc49c6f489ad5db3ce9ce05860a41e06e559577f8addcf4c93,3.15,product,
5f0e019b72c387879bdc8489d1133a65595519fa45ee664c360b37a658456377,3.15,product,
d0f993413b1d7f1f0b2bd028ebc13b2a129d40410ff16f424850f4dc1af849b6,2.4,product,
bb6c34ca168ad5d2576d6a306cf91e15d59d8587de16daf352d4da388f35123e,2.25,product,
2201e38293e3c6207545579ac0cfbfd7ebca039596fc7bf94873b1df310c78eb,2.4,product,
fca249e276b8461ca1985f0f6da01c34deaac4c9d060da4daf4b6b696af4da2b,2.4,product,
9a74b3080c66124826414e06c2b8202b922ce12a9e87bcc3055c3ab99a73ea5f,2.25,product,
5ab4d8290d9b24ae709f470ea29fa337c995b7f21abd80758ef12833038cb0c7,2.4,product,
cd4771673ba90daf76bfa908655a0986ef618e49e17cecfe642e85f2ecda57f3,2.4,product,
9f1b7161450f6260b795c27ea98286f80f3162b9ad464e2dfdfa1a11195b20bf,2.25,product,
414b835b3b95dc6e5d37d62ded0aa524bd8cb9fd3bf97ea9c36c6c077f17e9e6,2.1,product,
9c9808b83921fb1ebc087536cf050d6c7da505c5088b0d382c6a8214069eff82,2.25,product,
30b9f7067a024f5519c9b1a2fd431e12602e119465b00ec8a16e2dc52065bdb0,2.1,product,
ca55b60a7a0b84d07910714c552754c8855bea7976612eadfc58732743052244,2.1,product,
9c9102de3af73148761ff076ad3da538742d74ef1509915e9a1e71711a253f0e,4.35,product,
78da5874426b1a1565891ac4f4e9ace61e4112d3a5d6bfdae407f9a0ea52d9de,4.35,product,
f6ac10f07e9d5da1d7fa4381f07c66a378073fb78d947a7d81044420236efa62,4.35,product,
3e13d31044a471f058f61981364d92aa4b9a049d6ab03c6192308fd859a8f868,4.35,product,
e1e0705b6b0be6b7802af806ff5853bad168629c116da8b38c355965920bf1cb,4.35,product,
8821156875ec0635005a55aea2e2e517e8c25eac245c37c2c17f12a16154d2b3,3.75,product,
e5846559037abc1772f4356ec2243ab8599303f40251e42c9b6eeffbc5d43cab,3.6,product,
c6e966e962d0ae34ac2b02923de7c1494200fea97726ed447a19bb9e1faa28de,3.9,product,
78160404494ccc08d8d6dbbf1b582e58671e36fa908a54ae25caea6737987ec7,3.75,product,
1c3e64e922e5468aa4ebd789f721b04c5f3f16dc491c69ef8be49e465afee50e,4.35,product,
a0a8d83d2cf4f3c6d5a6c3b8cd7065b03919badf64facf6cf295bbd44aac3e38,1.95,product,
5eccb6390df9d8516c6105dcf76ea028d1fd29717b4a71e623001d9e956feeb1,2.1,product,
5f0682551ad96ad956f350d173f902796a35905c9c6f35017c7764d15f0893af,2.1,product,
3b5bd5612a6b32d0568642d679022ebeee2f5b7502c4446af847cf70fe97ed38,2.1,product,
34c8a41e42a507004542525f51c27d8fe3d5f5ed8932e90d0331623afd480027,4.35,product,
6645700520b1d27aa57b7d7ce47295bd56138fb5586b6d996550c96b49eeb066,1.95,product,
4bd3419f74837e9a1a9865c437e02ffa0f5fd940870f57a7e229dd3415b6654e,2.1,product,
420f91057e6233c032050dea144471dc7eb64b384ee0ac2e2b42a316331678e5,2.1,product,
68d131f625980fe85848e49d81d404052a9c5ad56548916d37bb92a6beb03cf9,2.1,product,
55da01292ed16e120b34870b76cbf7ff905ee3e25149854438fffb810d2d1701,2.1,product,
129c361c548cdba93c64fa59ccb440062472da4e3cec922dea48589eee3c4586,3.15,product,
0cfda2ca82220817888247571226beea9afe54b687fdf9fd33543c7abb4302e7,3.15,product,
ad2e754b02f148678c28ff7496eb5af7c7138b34078d35d03b12319a9606d210,3.15,product,
e36e03c686393be4da12c71c1d5fec6854c57fea9052aced3c60a0dc4a393337,3.15,product,
00e7203962d06094e99460bf8041ee45fef83f552ff8082c350903df31c523ab,3.15,product,
cf2046ac00f169601bd3247483e93342819a3a820e91926b511e03f491e5fa2b,3.75,product,
8e27a0b19fc7ce9fa6138992db5de8a5ffc06f074559110d61634c52b8241959,4.35,product,
e18729c303afb91cdb17bd24d533fefffd703f6f27a191c1cba85534183d4d6c,4.35,product,
6bdfb93472fc0b6543af1949730694463426bacafc24776a4889e174394a3a82,4.35,product,
a4a5681d4c0e38dde32b4476cb0ce1a3cbeac16590ffc39ce51d3e1c3d492153,4.35,product,
dae5c8b57d5dbc9962aa21e3c213c90e5d815d873ffd83e9577c155b7d367b01,2.25,product,
587367f034f6f8dd87739a02cfa9b8656016fcf7151fb37e02438f329a4e3f01,2.25,product,
53ed39ba0adb1960e026b45570c3eeef860fd15f20cb0aa1ee46c772bf3cf2a7,2.55,product,
af8d90a13137c96acf1790c6b4cfdd4bd7b6e9345c12381ea585285d6a6351b2,2.25,product,
743648f02aeada5215fcf26f9cfaaf4232aab598f25b75a286b0f9b70c9a003f,4.05,product,
142025ad86b74b85fd74036152ebc836929c7d92f662673261ffe9121a023446,4.05,product,
de2ef7b982bcd23ab50bda4db6630de0d5f1e57ca871c5efa05e7fed040e5083,4.05,product,
23b841a62a1eb0f15f793c9f03ca176dbc6457f52e58e5ac0563ab5e7e7b3fe9,4.05,product,
8a79a6b00c06e6b76b876a0950ce0866c6e60fb48da9bb729ddf6eee7bc37e89,4.05,product,
7b25d80e111ec91308cfa3866b3eeb0bf76a0e0b6622aaba6cdf31254302b277,2.25,product,
7b371730444cd71d3926897899294aaa1584fd72157eae58316e25c0477a2f20,2.25,product,
98d4814d2cd2f3a78cd475a36bf54401d9d39cf57477973973304071460eccb0,2.7,product,
5090036a74e62cb7f8dd7653c390976482475fd8b0fd1f1d8e0e9c8c40279995,3.3,product,
fd8051f06fe69ef5a6bc7ca03663354ead10ab3a90efeb554178d1342a5909a3,2.55,product,
02fb30e22a9584db23931acff53af3917543192421d6451fe0b6f74766de4fb4,3.15,product,
b54507d10a81990d0d18159b4bc4c786d1adbb58a631ccd6bf47f0f0a1da9cec,2.85,product,
1c36b8fb788bd09ce1014c24b161413b7e0c53ba84d038f961f4a9204d95826a,2.7,product,
42bd35ab16f01b1e98e66347fb04a8aa5b3c3eaecc55371ffd2507e9388a7caa,2.85,product,
84c0e03a4503d8b08bc00b0dfebe8de8041ab2e6e0d848841275c97a410b0bc7,2.7,product,
749a11234dfd307a9cafba29c151efaccb38f2a5d6b609e00d02f6043498aaeb,2.7,product,
7686927374d7a4eca643ae18853727187efbcb2f23bde3a31be4da8441cbd755,2.4,product,
39ff93fa98aee73c5d793b18f1fce052c1d737b6f34171607d2ea1c6fc3af712,2.7,product,
6388276c27ef720311bae6b05cae78e445d34f6ea9bed9eac144f25041ec8ab7,2.4,product,
2560e04f1d7b428a2a78bc0070088d5cb0cced32f0459b6b5207502b52684ae8,2.4,product,
94bb28772b400bfc39245714b82c92917955b4d4bb5858789ed2856ed6b32eb7,2.4,product,
e94d81d331174f4417d4770250b138446d02c5d5f0e8a052b6e69e6372996815,4.05,product,
5e5908ce2f130a52e73b7494df817732353abaf98ee3715106b52373937ea9ed,2.1,product,
7df266ac34f07c54d121f5f712112976f8c6402cfce0db5746977f4585b13266,2.1,product,
263b72801744d8b4b7479a63f1af015df03defb4b925ae394e0c960cf4a0c8b8,2.1,product,
ce7ae1aa546c99dc21c014de89e0cf03ab1126e59b3d7834b366cd0eb9f0e57e,2.1,product,
cbeae38b6ad525ae72adbd110f7e827a8485c325ceb4b0f443655eb859a0e418,1.95,product,
381610674a56855f748313be2f723ae7b632528be26e740ec04c7c3f906e97c9,3.9,product,
40a90228430283795e20b583c4fab9e754454289b803b51b1617f4211b18cc15,3.75,product,
3e6369cc89a97523c69628a55b016cf8cf55ad2e9c09e98fb0827bdcd64461e7,2.1,product,
91e2f54f9852f74c0cd06e6e8a5ed9e3d398f4c52534aceaef519daca83a3c29,3.45,product,
72212554504b393e927d22ba6cf6a4b5a93bad95f5c09f64d5de7bbc3d805900,3.45,product,
e30f312259e90a4e804f8d8e2db51b22e24be768bed18388a3ae5a1caa1336ea,3.45,product,
041f693964af0282f6359c1d1dbb4e3959fdc7d382eb4d3a1415f26f93fa7210,3.45,product,
540752350303b8b3c773ac13354a85ca481d3487d862bed9d4ff7dfa45dd7f95,3.3,product,
ba865261182601af05823565ee549fcbc5aa52a75e87734c0c7264cdaa5f0ff8,3.3,product,
bb3c74e5720da4b7bcdd8d707a66ef0c72919489af7ddbeb1f4ab265c645427c,3.15,product,
8971637805c4441c7e717ec7a5f86bb3c2dfc87570daa394a051f17549bcabb1,3.15,product,
91adc810902be9c8681f128b3554d3faf342fc52c0d607470ea0284bc3b69860,3.15,product,
916047c963d6dba772eb7f7886786a11883a2088500826ce1ae08b55c43b4c60,3.0,product,
be50816a4b58d9999c1c79d59c407eafca3bdb226d0b5b0b534a13d609ee9883,3.0,product,
4f9ca7ff09f9be10d916bcd3c3f352bea612db2447b9712dc7cc5a0728565ce7,3.0,product,
4e7207a533deec14d8d85862b28d009930c8a311346743d832394c5f2e61585a,4.05,product,
d84354989e401eac51fa3e377986418449ce279157098fe112d283fddb204354,4.05,product,
3de8e56e2265e6995a347809a4854dd263368891ae71421a46e512243819dcbe,3.75,product,
64ba052256a94ab58522029ca325da977bee9141268212d6c4739bf1c63d2a3e,2.85,product,
9c5ac85723a12f4820ffde34c98ad7dc21ff2850b8acf72b05d179734b0845f3,2.85,product,
7b2673fb7ae49b1d434fed8ab01870e183eb532237f754465ef603688aa1db1a,2.85,product,
46abf85f830b03a7e3260974982c66039219f4f87417b7c2e6d435cb1d47e173,2.85,product,
f86205fa105506415bd14c48160c083d7741fcafad2ffa9d3d975c44a0364100,2.7,product,
c5ff30781c98f5911fbec2cb5477446a4768663bd5bdcc81d83aa7f7593d6bdd,2.7,product,
de1f47a428826d06aab51dba693be067cff85eaeb495404437f9a0cc2d0e30ba,2.7,product,
d7cf06fb0579e17e01d0676c40e261d088619b78b3d2fc55fb93e6b8b6ad3aab,2.7,product,
895777b747debdba3a9a5bd514c9ee8e5ddcda0adf4bd0c227dc43405c23e291,2.7,product,
9a3876c52ce1b48250ce6809244fd084a8d04385b2ab904777b2ade82b0d4ac9,2.7,product,
9bcbb0ec25e50c983f9a13bf763c1fcce6dd1018c311c10401658455c6e5e1de,2.4,product,
fab1e82a02ab3e16c2922c1b32c031ea27fd65774c444017f7f2730b6cd9c0c9,2.4,product,
6c0b88215d5746c19775bff13095e9cce400a794d66afed28cdc126836027ecd,2.4,product,
8b40a81863009df8c5a080fc437d8996c69c22e4e4b33a57c4cd9336c70da28c,2.4,product,
0ed8c6be3396de5d87b21cbe27764ffd40d14ec77eda6e03acb72b9117f3b940,2.25,product,
df8a629038e238eac93e365d68792862114ff8e9f7ce58f0b14a6653740e4e0c,2.25,product,
0fb572c994b8f0a0b1713570c492e536a0c9d7980588cddd015364949fd1858d,2.25,product,
ca0df4f85ae87d9ea17983af0c9c52f8cd1ee40054c03e6ced289a7c57fcd3f0,2.25,product,
04f6f39c55326fb7d5468f7874d52e2810b0379eef619c30d936aea6ea825ad9,2.25,product,
9e38d4a2474cb516f53328b97ca94aed18b5c605aa0c8b688a72de76d2eebe06,2.4,product,
691862f73d486855322a3e428dfc7242829e3c5ce002dd427e6f77ecc1392653,3.0,product,
79d8598d4d53c89213f987dfb15b349c4914f8bcd7437d09c83330edec9f060f,3.15,product,
038f1708536be567709463f7f4e7d0e9cf5d04de9c0ec776b1dec4022583f1a9,3.0,product,
d65b59b07567ac1df336ca557e897d2be756252be4e2cce20e375faa6e7e56e7,2.85,product,
618ab93a49766278b00a810a82b41b40c646261dc6730a434102deedd7756dce,2.85,product,
8123830449e37c8ab45e2c377c8d4693885f516c93eb9c90ff987f2fbd034e42,3.15,product,
72f0b91e8fd924ee8ae051249f1fb8b3a4a01575e0ec3063e9f27b886151baf6,2.7,product,
9a50937637dcb97ab38beaf367b5b13ab8334bbc4ad7d4f322ac0a3e635d1dc2,3.15,product,
28b594058bc54e0a8ee398fec46441f6627602d12068b73a09105290a159734a,2.4,product,
bb6775934defa0f8ecf45b323d54036d7c2f9583cd0a5986c1c317614b58c392,2.4,product,
f30769cb21dfe7868d25a6a3a0e1024b62856311bf328e0fb205cc5d56c5412c,2.4,product,
551583198c264963c52644d2113ff35d56276dea9bda7c3b763e499e484230df,2.4,product,
df4702487739ed87cbc8aa42596ca7dedf6b54add4d8e6583af1df4c73341a31,2.4,product,
f3a2423f51a2fe95abacdc635df9c3e1babaccb5078503f23cddededebc97744,2.4,product,
414fd2196d4c8edc3315fc914b647294711c110aecefc7fc55459f4c36de5c0c,2.4,product,
329a70d8785fe3a07ea9e3751aba9ba0bceebbcd426ec99a178fbbad0cbd38ac,2.4,product,
963f884b3f88e5381821af0cc1f728bddaccadc2974f04eb9a271a7dd59314da,2.4,product,
9eacf6056e463db9b87c196b54e268a235bf158dd153e95348fff08cd79cf54a,2.25,product,
efc7a013145627a6c4258dd2219d9a38ba3aaee72d0545ebaf905e1a0ff931c4,2.25,product,
725952580d48089730ee3dccddec181092940388591abbe4c5b6a393c9cd8dbb,2.4,product,
292e94dd0635b93367a558863cddbee99d355aa4cf02a4f82183ba56424635c1,2.55,product,
4037d3ac6f35627b4e39507728b8570d7f4ecf223fabfc6c53f1cec229bda39f,2.25,product,
89bb8178984164e17e63c59bf0bfdb88e5649f8a72f0f6a9ede6efb8d8bbd900,2.25,product,
2d5f324490c0052cf1293039e950f310a4d8dd060010f5f12907de5adb9fde4c,2.25,product,
e07493089507014ad1d4b4766a82851830d3daa5e08db79abb0beb2a5bdfe831,2.25,product,
bbb0181111e49321954e33f1ba096a13798966a8f69733f7fc5827602cc51af9,2.25,product,
fcace3da2bfc20958e0777e74318613fe7ba1baffad264ddfeef0e483859cf6b,2.25,product,
ad3102668bdda8027e6b4bdf30114865d0e49d828e36448da73302621c443f54,2.25,product,
9d28e3bf80628e317b63c069f90fbcf8ca692a2d6cd9cdc21301897c8351fa8e,3.75,product,
186c50de53820031ee3ee26a83273c0d58895797de4e019eb80fd91ee4e68eb8,3.6,product,
b0de10714ad2b591206cc9196a4ab20e0ef2e745492c1698d9399c53f317f26f,3.45,product,
28f317761a6d2ebb21639244a9653ab9ee5938098432c90814acf3edb558eb9b,3.45,product,
1b09a5538609042a387a6128fb7e44513b07dc2115431ad616e7ed306ed6aeda,3.3,product,
37348999656fa6af1754771291500d24bf778ad47c7eef163c3527e01897351a,3.15,product,
352d061a96daf57166396713b98c4c5896a3ab15bd549dd9f23f83e47aba6e9e,4.95,product,
24e1049e60cee2724c77ff7eec452c14ac111338f0cc0cf9fd7c32c3ac2e3d83,2.25,product,
7cbb14ec264dff2e43ffd7ae75a8c4fac894045f3bcf3ce9d302b5d6fbde23ec,2.4,product,
ea5f51729e526c745e2f54c99220f04832eb09f4cd862a4fec18623fdeb36d2b,2.4,product,
725431d60c43198c116e31d2f5b95812041b7c3563d9c1cc4f906398e5557ead,2.25,product,
3bf5a0dd19f989c781acea2e5dad274dd8d91dfc06e7f9ef301fe4f0f1313a88,2.1,product,
32dd125f02ff8a7616859cad8561c82e8e69711150b16e330aaac0581f66ae41,3.0,product,
4f6321502798aedae25cd7dbc08d38cd8bd348abce7743cb9884b6bc2a0c935d,2.25,product,
9f3528282ac065eff02aa209611f49e46328346f506731af7d9b0e63c146e023,2.1,product,
b33ab7d55225990f0bdf83b4051364966fba493f97aa1fef86c6cabe9f3f19d1,2.1,product,
879f85da990b36df30390f79f9b57bdc6afa63d9b6275eef4297b5eaf66f6a64,1.95,product,
ec2940085c1ba828b579d9d7d5b50eaea90378430c1ad838ab704f1c0b9672d4,2.1,product,
ae67c856004b2e5dcd79e4cfcc8a0d007965c350087823e5aa3403c52ea995e7,2.1,product,
3f1ea27899997f24d8bc9c3ec963c7d0727fea70b839899b513c14a25bd05854,3.0,product,
238e55ca89655fbcd0a1094835d45750e7e31c96c8598557caad6fa07419047b,2.25,product,
e05231681fea5f4d312cac94f32e0d9084f642b2e5c970f22b8d52a14b1cd66e,3.0,product,
915f71216000eb24b683acc16180a4bfbef343a4032f45454e5bfa519b3318fc,2.1,product,
fab2f5cb0db6e5ab17332edaed294f81e3e77eab2c7d354cf8de7ffa1e09a99e,2.1,product,
00f3860936fefde034d56b8f26309e1d2719cb90dd6d86d2b39460862029bc3b,3.0,product,
39d7494241508c60612379aed4e3e3ca04308863a0c3ec2b232041c46062f57d,2.1,product,
714c70e26d58881920ef0dd2a120aa1e10ac92e1d959b0891915913f073b3caa,2.1,product,
e18db4c4131aca5017ff5fa1e099ca0e662477005d39c3ec53a44d320a29312f,3.15,product,
df07c27f5bab37d797f717ef53310941869baa3cff9e08297d83f484251cb6d4,3.15,product,
454951ee56fd761bbcb574ccc3ea903a72ae3a7d2732f9bc472bb40349abbc87,3.15,product,
8e2a90cd606bbefbfeecce26037d1a98d0bf29f23e0db9265470993c5776daf3,3.15,product,
d1f937c13a57df8a797327f60191d9dcd3821225e2cb6744f52552c4337edfad,3.75,product,
c905600f87866ccc2a5b60d405c73889c674e39d954ad1d25d3c121db06cc74c,2.4,product,
0f1c101f2089c972fca7a5a6da5b7b82a2ef3a671df5d2e2230a1b5a16916300,2.7,product,
199f506646ea01d25abe6d0b29f01fc526f6d0d915028325b566d5527cf3fb16,2.4,product,
acdec04a20394e6db1f840174809fc60954a708642ca37025e59108e3fb2e60d,2.4,product,
44eca100625359fd47f085b2112ac9ca8de33d8a9a623466ca0d6d502206618f,2.4,product,
7faba7a8476ef9e1959ae52ffe0f3a64df710f489e9f2d09a1424b039428b07b,2.1,product,
53a2214a35916060cae7efa8942ec9dc7077422e78acefbc4ab4c9c449de5528,2.4,product,
a446683195a75794391f467c2b022e75e6c5871e0bc8e262b693b6f91fe91a9d,2.1,product,
9365765f5939e07013d8d850c931344b89b01bd038ea1482d6aa975176293680,1.95,product,
0c61d53c4a2b6c5c8fae72be8e89849f3c3095b651c04b7eac4c73bc21930263,3.9,product,
25a717d11b2c920599b641449f7078f5ecf79e9e498d248a138c4790ad9aa77e,3.75,product,
f95619ef713c2caf54db90fccfc2c0dc9c4167b884dc0d1c459b74ba90dd06cb,3.75,product,
a82b84cc421c6a00e8e9537ec832368407d6dd7f83a2cefb97cc315b5d307c95,3.45,product,
6ba3164d33afd124b63511f7eaaa531b2f3660dd91e221c31fafedf07cd4e32a,3.45,product,
1a19e2cf6e90224c629077d8e0f29dece36385bb224b7e2ac7c8e84c0ab27725,3.45,product,
2448818c73612d623f9f8c9328f8c441e8921207e0d9bf6d68095861884e808d,3.45,product,
3ad2215076b8f910df864368a35032394c44cd155e7ac22a16077f6d388a9636,3.3,product,
49fe71ce0f0e2c94598ff1fee7eaf22fb39371eb51971e4ea8035d0960e328a6,3.15,product,
917e31995c4f806f23717fe270032d1716e56efe545414fa58cd51cb3493e480,3.3,product,
5038a570883cedb0e7f8981068bd60cc4c8f430b3b389a8ec6f227b3bcc734bb,3.0,product,
7f9480f5259f2011d473074d01973ef4e4a99efb7b16cb4df71481c6bcdccfc7,3.15,product,
c9c204d9209bd315a8dd1aabdc4fb64a9decfc3998c585fc12a5e947adef680e,3.15,product,
a31010d186a9b85845fecc418b768c0cfecbcc5364e378995dbebf712b2ae4e6,3.0,product,
a19d941a8046c20fc743039164e508a11110499ac44e3f339715129a44f13a22,2.85,product,
cea0d026226228553c3dc3c75abbb95d7c0fd6aed645ec482c443d0791257e25,2.85,product,
7aa430fa009befdaa3761197816b296d41345fb1a6277f072bfdd6caff8ec39d,2.85,product,
fa981858273a0f3e095304e60929079ad968fd0a3ef2512652cf4e4ff99ba493,2.7,product,
bb40931333b9ad2d737abddf123382ec55f4af258cb133c52169aa5bf7065f60,3.0,product,
0b3438e201c56a4e6ef444cd540a5d6e549b90970f3d9dfcb9bbc51a5020fa48,2.7,product,
3c3957d677dc6b130d96f7abde2c4fa2a5ab1c0cfe63687397a4e04b4b1918de,2.7,product,
552f661a6fc46a06bb3c301b6353282e6f1c64f71e314d3f2ce019610920b165,2.7,product,
581258674574313113ffeea53b1fc432f766a944dd50625d1731ffc965557688,2.7,product,
402cb0b90d7fe8727846717aec57ead88378e2a6f3c4e04b18927828b50250fe,2.7,product,
b2cd549c9610d8ec04b927ee0a7f5c31bb31467bb40c6f672eb7eb6bb1a8e4f3,2.4,product,
d300358318568d8c7822e4dc5293f72c104a8ee5ba90bb9f95fe8ac75c1b0278,2.25,product,
c22861f2860cd605c4befe0d2f981731abcbdfa06fcd822b572019e4c3dd5e04,2.25,product,
205d11912122de5ecc8c12d694cfaad084cb96336c684717ccdd87c1ce5a9371,2.25,product,
0a86c4b16bdffd549619531cb8a75ede904385356f2fb62368e5e0ae5334e0f7,3.15,product,
36775857661b1f601e491aa3eb6f5f09540dca1e47e93fa27ae0a5fc335f818c,2.4,product,
d6bd32554358af7c6c2355ae48d9fb6ca76b7b1cdb6771d8a2cae38474f5e324,3.15,product,
8c06c0706c85a62d541dd0f03b76c07ac794d0455bbded28c073ec0f3e016423,3.0,product,
6db7931a50a86abf1148d1aa5c969b59c430866c6ff2827797ea75ab2c1e0a84,3.0,product,
8cb7e8617e02135caae3d692229360fda0ce6a50940502da65ec9787e65c0d5e,3.0,product,
3ea4d9666bfd92f146fa097a4897a0de73420b52a7f573010e5f9f74cf410b6f,2.85,product,
c24532e9723001c0bd184410d7e9e21baa6744660ba64eddc3a004ff23225183,2.85,product,
30e5c51d96c4a28f3e70dfd37d0abeabf5c0fb175f027bcb1bf01bb8380cac89,2.85,product,
ee6810443d9df95f62f0e140a089f677795f6d3737398145725bd4f1a347eb84,3.0,product,
8a3f96aa2db58e28179639c8921bb660cb036fca38df76de46bac042dacbd360,2.7,product,
dbc3032f15becc2dbd027dde82dfebae69b84b1c644de1b6f1721ff4acae0dcf,2.7,product,
a189c7c15aac6c257f7fd11e1fa37bd05fa8a5afe46353dfe7dec6f85a43090c,2.7,product,
1167891b8b8163a4e73610aee488faff0a584dffd077495830e7bea714d62042,2.4,product,
f3ddb4f64f6d5b35ca0c8d2a8f2d97f08947a037bb74230bfa0ec5bb8946100b,2.4,product,
c46e31e02a2170cf4df8ebe7aa898d9daf958d7843f03f620b450a5780e68968,2.4,product,
27e2c8b4110a353bc74480c46366cfe0072b9011d88f5195441c4159d84a07b0,2.4,product,
f12b78f79242b87641471a07bcaeb35650fed28891be1c85b2dfde6fc73da08b,2.4,product,
32d4206d9f2aebb98da459302d92284aea272123be9f0e7cb7fab5b3b5cdf4b0,2.4,product,
ceb3711c8535ec64bfa11196d1c83e9e0e29bbaa22390c39457cd301afbe4e1d,2.4,product,
d9f738c54865022690380ab15aaf3e7f4bdd826b1a6a03d437575b046c368432,2.4,product,
46c7823550864a6f7c0d0357763bba36e9e067e88fc344ee7684c486f4a69557,2.4,product,
28bb47b6640673228c1fd4239eaf14457b9a4c6e07dbcf5cabbece6067f85947,2.25,product,
8d65674867713ae47af34f97ef77130d455e139d8dad3a246685a9d5501cd113,2.25,product,
5489a0778ed78cc63a5bb873c3dff5fab236e29987767850b009a2ae8bed7b39,2.25,product,
63bd73f74622803ca7572569ae780a71093646fa9bd7622ae3a99461a0d0986e,2.25,product,
293418bd7d65d8b0d2f2ce513985b0de38f21e669d131ca1ed939659ecf6fdb3,2.25,product,
4a4cd17579f8ce18d1f74443a36be17d812c2322d0f5221418be6d2519ffe2ec,2.25,product,
7a4bc56f8451f78063454372b54615865fe6e4582b79e2a8cd8cbbe7fc8aa0cd,2.1,product,
789dd06d2ab2af14d7cf256b83c3ac119f1d780d3057153380397dca8656b882,3.6,product,
61aa10cb863a032f443f4c9f7a2ca2a747737721c4edc8e9cdd9a1c06a5a5f3f,3.45,product,
2c5ee6fd16873fe22a0adf6882b531f1992bec6adac323248eb29db2c59c4b2e,3.45,product,
7f1e77128e144120131691c1ca718ef84f4c2942691fbd80eb920da94fbd9bd1,3.3,product,
293e325f712decc607a358e0fbefbf2c657c52d83a03bc5da3d1f9130fb54f4a,3.15,product,
f771e2d75485d10d413c0549269b282cee7ce6963bd421c8c9a227bf6bfbe6d3,4.8,product,
98bdd1014d91698fa58450374b2398d048e2bcfd0aec3eda00ade70e125d5d27,4.8,product,
24f106fe3b736147941ed6ade96417e2ec13ba172c9143fd3d690df6329eb6fb,4.8,product,
e1b9d7a728576aa7c5136ad2ff8f1dc69ab9cf2c0aad7f17bd8673006a78c7f2,4.65,product,
b299b610236f5226609e1080059d264c4064b15ec9b82f43e3aad30e02e586b5,4.8,product,
9ec675175d91f1fe6de9ef058ef9554b8b23e60e41aca9ff169ad1f677b48898,4.95,product,
4e3775fa82f5dd01389d82fdaf76be646e6a72d80e4a671aefb6e75f4a37deef,2.4,product,
bbc6055756fab8aaea2eea6b542e359ddde2f2d8f48e0b9cc19498e751375943,2.25,product,
4f2798fe0b2de0881b4a1a81dcb96c3a5aab53d8816e317a1918f74c550486b9,2.4,product,
176487f694c751e96e521c7a92659f86f7ec7f044e168222ee712c6a76487944,2.4,product,
2fb2b297888e784555c503172ffbe116c9cb2c88f1563b089adabc1af6940e10,2.25,product,
49527938439211befd417f0e72f700d42051eea01a33fbb72164c2d9cbb06591,2.4,product,
ab212790423c32605ec4d0606b926de8b73f461d27664a18a7572f18ca7901f4,2.25,product,
f7942914916fb5f23b32b3f82ef95253978d4aa0e81b20ddc268ca02cfd60ee5,2.4,product,
d0c1e811384a86bface6aa729d389944252561b56c213fc874760770dac5c28e,2.25,product,
9c01849a5bc92924df6db4ed15a1c8a92db824b23fc6073a2305fce2e5d3edbc,2.1,product,
eabf640d48e65eaaac685c5a829cebd7ccd45e9e1d698f49fc060d714440c944,2.25,product,
557dd80a567f23f82ecbdb516da35740b0a8db87387d479981643d85d4d4898b,2.1,product,
0633972d3b3cf3a6018263abd5ba8df6faa5b0fa778de3e5e2650ae507570305,2.25,product,
190b36797190d928f7a9766317ba04d74877b1de1f1b12fe56f703b32d19aef7,2.1,product,
ecf7a3300b721b9af98c13679aa481afe9e4f92b5a82851e9495ed2cb8d5c06e,1.95,product,
3513951c14dae20d666486146de7516ab3bbad44fd9a9319cf99594a9b0035bd,2.1,product,
5b8fc25b81b1d5d57a46cc45d4d8faea82c3d67d4c7ac01210e1aafb850adbc1,2.1,product,
0990b2c03ae571c356cefbcfa68cfd4729452d6ea4039c6605035edd4e82de95,2.1,product,
e8a547fc87df13d191f30930bd6899eedee36331e238653eb5fd27b3ed5659b5,1.95,product,
cb1dd4a765ff6e0e1ae59dc93dbf18da0207612e70a6c061edfc1853aa9b6bcb,2.1,product,
e097092a94810bbe2b6862c9933c886125fc710ac10ced55279def6c51e5571a,2.1,product,
21e010d92dd65c02fc3838e86abffa8a415d41f2160d79e31fbf740da3446910,2.1,product,
0b6df2bb33945a164e4605b5eea88ca37a95257ec7ff486be2a1911641cae71a,2.1,product,
b40f43b74e998725f04762d09ace9547e84765f290325ff5f979b1962385d426,3.15,product,
cfaf14098741e01c91f32d4c20f823cae3e04943ac5d4671758119aa8209c945,3.15,product,
306830789b89b8ab63b0727bd7b95d106641ae55b120e95d84f55e02a9e87ad6,3.15,product,
bc7698bf86990c98427c23372a41fc8a43a22c5ca0201e7fb92717c774abc6f4,3.15,product,
f6dfb597956c36c65812d1534d8ad91a281298ac03583c1661ab571a87a00229,3.15,product,
0d0e20651a339e5eda249858d6f57958950705bd1dae5f3b6ee0c67ec1f45dbf,3.75,product,
97d303228417d039bb5fe9aebe499a1deb49a07fb17bf0757780333db32d645d,3.45,product,
5699e5127116219ca89c5273966c75f55f887e235380086d1ac086cd8da596d9,3.15,product,
78ca788e642f49300833c860560b9ad79d129b7d4236d207ee5455af98ec651e,2.4,product,
e87671d97c61a6b24ed3156058e41219c252e5af14c8f449a5158b2fb65779e0,2.4,product,
2900d1f4297e7c2a0973428008092bfa0366c7230c976f0b942ae73950c6105f,2.85,product,
16ee41d72daaa54085f4931e76ed135ac2f9b5931efc0df9459a3ad195c8448a,2.7,product,
e32ed5b85c385ff92c9aa03681a6411c717cd1a07f8aff10ae7292564732f183,2.85,product,
4986165a7c7f840d928fa36120d937c3c453787ee2e4f218512072b118beed05,2.7,product,
d77778fc0e4bf931e51eb879801528ffd3f2489d9e8908e9697e687aa438cc48,2.7,product,
abcdd8ac0e391f25f932c2ea4a871dc8b535381a25f90cedd043c2e8a08a75d4,2.4,product,
05d414f929d2a8309cc7f0d1230c74e54f8941267435e851cdece018238e07d5,2.7,product,
c4aa45d47752311286161cb4389fa6c47c1b91ccd5af0f3781d42705859a2425,2.4,product,
299819fe6cead1ea35259d1395f4a04621fcbdfb2571099317cb356a7d4c5792,2.4,product,
75b677af2492b44ca64a1bdb526b5eabf19a947bd4e41478c669689eb041c253,2.4,product,
ad1d74696d3a3b0f3c8be5d2d3c20a264fb60e43c2dedc7d778d25fa18a75cf4,2.1,product,
3f02527368bc631f15029d82856e2fd0f79b5d044b68cee47f6e84b78ce6e6c0,2.1,product,
2007e64e0d2cc6ab683e76108d6f9a117b00cce15d924a3fb93929cb5a793778,2.1,product,
eab3865d7a280c667724a4bb06e4c24c1060f8bffe1953ed9a121ec60ee9a6a9,2.1,product,
73319820195d6ec5a2302138466c948cb15426a8ff65e45c5d01569f39a35464,1.95,product,
db7ff4c09d77cf541b8d57ec09b305170ba9bbf8abd92109d0bccf06a5fb2274,3.9,product,
0839e9c415057f86dc4112653fb0608c2cb400a703109811217aa7fadcc442dd,3.75,product,
5132c73a9047fd044d8e00f66e9679fcc641cda4c7f37dde97ca548ce4e04f43,3.75,product,
50ea6158055634330dac941813b83b6f93b7a1b2a51dde7ffc34662bb6f6a2e0,3.45,product,
ee6d4526907d33e4860e109357160b2833b52cabac1a4131a0fdc2e51c2a9f58,3.45,product,
2c1c72341413cdfb3b04d8f2b88830c0c7e5e9a980ce2052242ca8a83a4a92ba,3.45,product,
c805465776b2e25836517546a58b0ec8845573143de157d16dbc353bc1781274,3.45,product,
9d3973798de08f66589025a35d1f5d617dae39337e244c3f52ce4423cadbf512,3.45,product,
155a47538cc5ac3eba43049f24a3a743e42be6cf872a0f3cbf1fe2e167839696,3.3,product,
dfdb860655b1e2bd943b4022264fb8faddf06dd6c6d86edc2fe3c300d18d3478,3.3,product,
a30847fb72927cc9757295d695bc0394ea66e367e6f0fb312a4bd33aa0110365,3.15,product,
d0d929b61a151aa6e508892a2c20bd79fa4b794e84eef5dbc25106153f27f78f,3.15,product,
f6fcb6e625a4954b71d41ee542c3383b754092231f0661fe1c35c915ecfeabd7,3.15,product,
dbdb607f77a2926c0003adf52533c5af5c34f5aed0d71863191ebaf9af959fdf,3.0,product,
2e2720dc67c42f947e67c4546254b64080cfdf9a25f9c7bd2d3bcc5a05f95f5a,3.0,product,
ebfa33ec5820aada6c5128454c77e66e10d665a5920c749dfc31ac0aeb0be772,3.0,product,
5c65b1e06c41618b8c12303cff1e41041198f9046db9711b3e36f87766839d8c,2.85,product,
772242d860ac54de0d0db5fd1a814190ed5e2482d13a7b811eb8d931af86a2fa,2.85,product,
1ed1552e5b473d200e1e2a51c1e6bdc9a749a86c9eb358a81571dd3d24abdfcb,2.85,product,
9f3a594f3dc2b982b9619b18024220a9d15e92d56a2a126b5f39358fecbb9b7e,2.85,product,
926467455fb7ce500d484a0755151ad375711e460eb6ce43e940a06a314f70ad,2.7,product,
1f494008857f63fccc7a9e6931bafbbc096a69d870e8fb8149026e00dedd64ae,2.7,product,
b45a992d06a55284147376077b58123cbdf5305c54b9059e94d5ac89f48dc5b6,2.7,product,
86cff0175748b595054029b1734be2b7593fa39bdc45ee13700d4db56fb10b62,2.7,product,
498f974699a10ab1ad63d781eb59175c4a367b19204665bb3949fe744b45b3f5,2.7,product,
c62d323477e7807c2a93b1a7bd86ec926c4bbe4bd2624957321f6ba66291d850,2.7,product,
9f371601342586474f2c5022b5a501770d38a1aa25fcd4e44079c67456d0f186,2.7,product,
f8fca4171b63e0ecd0bb69e538768328a54598bdaf46af3ff4b983d20a2561d8,2.4,product,
7d29d26d06a4ee9e1dad477921079a0af030d342162a550b095b54cf17d58a78,2.4,product,
1fb808a740139978f2a225dcc799114c9cde0aba953f71ecbf92ac347d9d0309,2.4,product,
1cd2174637ca2e485771640d7b7c9150a1c455d0ca0cd1c5da41041d94cad9a6,2.4,product,
ba11f9bc0151c9d72ff8d7ae4d0f85d3ae1d3f246a642edb848cedba8a52ae62,2.4,product,
13816046980847fed74d19b34217ad5b16f219536268f9ba96bc6faf20b06873,2.25,product,
ca9127567ed05bb35b67cff8b34f9765036a02ac3f6128a846a08ecaefe87f79,4.05,product,
59ba90a99054ebd734e449ba2e29c649d34e3c72fea7fd96a012a98c48bdbcfe,4.05,product,
29d436ca8e6760f58b79c08a6c0e0fb39da2b706d84d1403717ba4d8bfd20260,2.25,product,
3732e9fc2ce8b5039b8c7e38bfc8461f367a267bcd388e9b60a2e6f45383781a,4.05,product,
09eb361a56b8ae7f8a69c46738c018ffeddc334e54d35ca4331e1a251ded9cad,4.05,product,
dbe882067cd6c235253bea24fbfbc4e5e0efcd27e37d29bc87e7923830b2eae4,2.25,product,
b208670486c54a8236dcff056851a687fff62e2fe26857c63da1c71f3e5f40f5,2.25,product,
07a106b29f9f78aa6805a4f771e7f9e272cb1aea4212a42e82127bc0f715c9fe,2.25,product,
ccf4282a3fff91dbfd28c3c05e26e1451f76375405ed6af351898b451169edd1,2.4,product,
405f200c92de89074734d772c49e6cdc9d9f7901cdc717678f76a95cd2fb630c,3.75,product,
a5ace25c0024ed6e857b553d73eb506c14227055889c84c09e66e408f571fe09,4.05,product,
9861d38a76a87162ab2d226104d88505a24e83ff4a5da208291a19fa8cd75e42,4.05,product,
6e8ef47b294f67c8803950ccd2d04227dba97ef9689ee728c9901eb5dcf8a107,3.9,product,
4f85c8442b27512d97b3da97f3f43097078c902aabd07e525d558cd6d4e91b06,3.0,product,
129ff3e4988bcf178f38d28a8cff392214ccd1b9e2ec6f8d90315dd60fc5bf64,3.0,product,
8b70f3483b4ee9104614d9cc22ad0c24759966736eb6c56316dd8a94ce7d33e0,3.0,product,
b58596df46448892ea6e9a433d64176af880ec7d2619b08613b0554e91b625dd,3.0,product,
7a2af90a49e2b7ed2e1974dbd0ae491dbed52ecad31736c5e9493f0b2cf82d4e,2.85,product,
ad0c89ff8d060c0685f23e4574bd630e33ffbf07e575eab53da7e840577e355a,2.85,product,
02c7e46680070dca8dcdd4d6b121961e2a22b47ae429460ab3d778f86d45fc96,3.0,product,
1c52a20c4d025048e0f935829668ebbccdc7570677af5ed404c905a0294c919d,2.7,product,
f9a839fa1a8066aeaadbce2555d4f8c2d1840efd56ccffe5205bb57ae3b716f2,2.7,product,
563a57bb073a510afb75a2fdb5d206c01210759718734f6df9dfa0715669cc70,2.7,product,
766ec6c85a411ada4773f252bc8c3373dd9e3bc5e230031a548b799e4aa726e8,2.4,product,
dd1ad5af058f1d4d886648e94be75579dc590146f64cabd6fc1134d8f1fe822d,2.4,product,
d80664841b19b716985ff0a69482c838c3aa5b14e96944842a3d7a232c4816a0,2.4,product,
b7b91568522c45859940c0b678133cd36fa852c331b8518557c6b4ebd6483c98,2.4,product,
0332a37e26906404195e053e7da93408877816a6f75b6d0f52cca57eda30587a,2.4,product,
f0fc8254840574fe0ca21e4efb96d3f7853fe5cf576438ec679465e9d26d02b0,2.4,product,
97f7b386032b2c35eb157eade1d964441ee7b7ea3eb0ac2acfb391cab6d92bf7,2.4,product,
b201c2414375501e7bd908be5c5ec10b8d2264b7d764e0f449af4238dafc6727,2.7,product,
7a6ee51a46ceaba2f76d291629aace38ede0a6f40db7eab52c42678c56736cad,2.4,product,
1130295e65298ae93e7102a89e0d637ff446853c4f4193d0c109a889cc8fc449,2.4,product,
3cbeb75f800cd46baec61f0764803959079e0c8e40bb8a3ed1474012794f808a,2.4,product,
f2f213714138cf9f64334142a2f8d916e4a568d3c10b27b42e0e1317dc7a6719,2.4,product,
09fc721594c143aaa789d003b5f8c73d7c25e622312f96fd7d94a9c4e6ed0433,2.25,product,
b3ba29d99bd1a083f1d7b5eb70807f4a899c60bc92fb3efc5fef87cb757e5dfd,2.25,product,
432b031511f6d24fd8b074b003308ebc0366ea3a13f2b5afe31f76a8d1916af9,2.25,product,
b39d51dd4ec819180af9946e7c304df164f21db86b4dd11ac37be41954ec2ec4,2.25,product,
a86835c55ad7e5dbffca93556dafd57414517353baab6418b0c3e561586dbb3e,2.25,product,
a80a97702fc0cf60f8c30ddd5e72577f09a13e45675c2b8080696be32305ac36,2.25,product,
f671f7199b8d1fa73ee5df3cea89c23653c7e0ecc7b047d2a30c3f610341bfd7,2.25,product,
252cd06b74862be9bb65b4c73f38bb04d97f09c73ee9ca6b3b18c93594e9cb45,2.1,product,
9d8a4400566519018f2f760e80707820d5810d45644ea5bc826e97ec4c752de6,4.05,product,
a248689c432a8081ee6ab0bd5c3abe8a860c2c52e70f6386660f48a37a738db0,3.75,product,
49d597bd34e46e3b18f1ff412b655ed23697d1777f1fe437f6738da1d95d3671,3.6,product,
ddddc06a98f96d2ca8621ad8d4c645b69e35702e0c304a2fde2404ca791e7f6a,3.45,product,
0586783d239a1b0d28528eef834cbe6995d854c79089caf83c4f5fd0de30a2a6,3.45,product,
c262803a5f91b6f856126414bbb259345cca3818d2100f80032639e909a26b6d,3.3,product,
a133330d77c3e5604d7bbc318fc94b53fe81f8b468eb34c7da66d5fb7bc784f9,3.15,product,
d206a8954ac9539821c6a31b2ae5543e57ef2854e07f8434a7d9f565fd4dc302,3.15,product,
471f40509d1077e1be2d65e76c50f546542fef080b636ef5d5216727a813e38e,2.4,product,
d425d2b547a248baace5dd3065c0498a0f322ee858fa293b2af1199051e967cb,2.25,product,
079378378b4341e32b58b5a3dff0dcce1b07935d0566357d9df97c15e0bdf2cd,2.4,product,
c82cc07830dc9325e392069a96bcc4af3e2f70bae4899ae92853ccbf3e29cccf,2.25,product,
43ec440452f8022ee4f7b58da0c2ca6657290456d81c329fd4a413e30dfd1cac,2.4,product,
971796d95bac4268997bcc9eaf54897aebb85f4e0501871da818c34e3ca2f71f,2.4,product,
811cd8f83cd469a989d1f00bd54aed41cf3d9c4fa99344bce8ab37174dc01368,2.25,product,
f7ecb115360ede036af224383b9e641d660a9ef2ca281423b61cfa046fdfa5f7,2.1,product,
9de6b5847901c564eb544b82562c7f954c4688262b71fa49b5c73543e012606f,2.25,product,
d7baa39014c0a253b6ae096107238c253481500365eccecd18a359ab376ce609,2.1,product,
bbc453494593281ebb3d53a2220163ee5a234d2d06569b41c3f38d36eecd3b47,2.1,product,
43b1d7d91381dcb7586be6710bd5493da6e28e09f670290ced9e410f932df64d,1.95,product,
962163a53f796ec46f0c559b303ad588fe3cde44205cb52e8c252630e74177d7,2.1,product,
cbf176275630bcaaab4f3885a10baacbf25d8c85a14b346767f27030ab550127,2.1,product,
ef7e50822847da9ca2df93e0b13e2ba2a4e93907793d68228f5d743eee7adc82,4.35,product,
df4610fb1190327fa2cd2e9af438c5f65249f5488839d3d9de818520ed78f1c5,1.95,product,
06f822ee4adbae4ffa31715bf8abb4b14f89bf66ffd08d044f2449b52e655dc7,2.1,product,
b4b0684a21611c79d1ddd96b02e6f676eaf06b651adce45065822850d693e479,2.1,product,
8a33b5337ff0c6d95c9134a831cc2ae7a05a6dd26c7e3a22c6e5ba8b8c3b3f72,2.1,product,
ee60a6093845a0d16b514930ac890e2275e8db9e5610a42f928624e18987450a,2.1,product,
658d48a99ce32e2e0e2df832669c3740a19f06491a0ed0ca571148c09df1fb8f,3.15,product,
07fe96f44b3ada400b5b281edb2db7889f44a54bbcdbd18fddb9e83862cd32d4,3.15,product,
9a71a51f212acef8c48994bd4a01b47f296db13a9acfbd9c9fc880ec564a1d6b,3.15,product,
5c59b01727ddca671e04e2191fdd194ffde13b5d66ba6a237ac2b20726246201,3.15,product,
d11cc9941b67ffccab8e7e497d9bb2100d37e8dd065dca7e1bd093e0e6158efa,3.15,product,
e4e411cf32db3275f67114e99d650e8c520b0fedf24dd330a4fa8843ebb65b2f,2.85,product,
1340d76b22ccf2a2cd0d6216948382dde0103120221975a15dbee2a84d9aea34,2.85,product,
30eb019176b5374ab4307d2cb0e7c5b8091bfc1dc7fde7226b281e836766fca4,2.7,product,
0c88113773761ae3c37415b857419163f91075b8e9c03a1e3117bef253c69c02,2.7,product,
aa0b73b62f835d1ef33cbba86fab2ee28520598c3f9530c33f444ad232017f65,2.7,product,
7ae4f507971dd67b14b3d1a7a572028269d644b45a479b921e9de66557327a36,2.4,product,
9de615af3ed2058978f8011e0d4973395fb691c5230b299310f9c7d91a2246b9,2.4,product,
77ab10ac1016a8f733f28d50accffc094a2564f8e6ead06f3d1b04938e443344,2.4,product,
91ad82ff5fd6a3746324b66e11f0012c6b7de6f5ac55635d15477b76f7e2984d,2.1,product,
19a6059674a4b9bbd954cd6faaf0e508d31cdbf5827dc7f6145ec8936b97e5b4,1.95,product,
444b472332298be9fa0e7f00465cea642dda7e244bd9aa9ccb2390e16b86cee7,3.9,product,
fd6254d28e16eaaf7ffb29c4ce7cd22540eb229678dee21a50cf8df7ac24b74f,3.75,product,
3f18a500958020aaf5d04453b2ea3c38a7637e6bdb4b65e8a485c84a32b505b0,3.75,product,
cb0b289031235e556485a56b9883dd0289db651efeb829bd24ffabaec2031607,3.45,product,
287ee7587e11f653ea070c7913c33e9b638289b369fa55e0c7f326ea11c3634f,3.45,product,
92be92795ce2b153300c896f5bfa2b0cb8d4b4febba798b8abe6c111077d5eae,3.3,product,
2f82a7857a6bf75df1322ea8b35278daf96146aa3f4261f981fa202080583b6d,3.15,product,
20bd25d524c3f4c501ea24680fa82cd8dde65f98d331398f99df2c9aac22ecec,3.15,product,
dff454723e1d19084687e0ffc288940484735d76be833107b57b83018db2f307,3.15,product,
a257f1e382c5c2074bbf16ab229acabfb462101a607375f61260ac98073fb4d0,3.0,product,
4e59c1b91ceefa602f463d4acfa2c512ef471adcc0258f93176669edc4ddec33,3.0,product,
3653f0e99f7c556ae8a5fe9fe25bdc6ea92217432db42b087a0430503ec05088,3.0,product,
f1ec22c1986156fa54b258afc8dcce21fae137c4b3ac22506800a4b91b7b34b7,2.85,product,
1eff620442210da492f59f8a02b1af4be79c481b332bbd5d6540797413a8871a,2.85,product,
f7fb01cb9b82e081d2bbd2de779727cab2cdd846db597b3a54e6e533b818e8b3,2.85,product,
827509419634684691a37963dc4021a1774a313e0471cc7eed5432fc861e4dae,2.7,product,
cfb0b75261cc8bd33701a6997ae162f0625d7284ead47418085d197ab1921f75,2.7,product,
4959d8a5467717f194ae342881f92f0e56a2675275a44c879848514bedcbc53b,2.7,product,
fec0628a21c61002da3e792db2a35d033a1cc276b0aa6b546cf22c7977fe8e52,2.7,product,
50e5e5cd791660df377297c8b0e61b749cce682066187460cdd38bcaa176e016,2.7,product,
2bca92c28eec41ec600d90b54921cadc97ca2f805e278cf1ee7e06088b7d488c,2.7,product,
ccf656998d011f844962f9629856712fe16e5e6467873fcc4c1bc71315cfdb31,2.4,product,
deb238750faea65998a1b4f236762d332546d8d0a57e4534447c5fcd36d91277,2.4,product,
6864366b1b22cbc9b49d302fdf51284becd0ad4cb216b98db42cbd3df84cc9ab,2.4,product,
80dce9539b1396c0d0fbcadc763bd3bdf77a02c5281ca8c28f2ff2d82034689f,2.4,product,
362f04d3260b9976c859976fe461b37e9cd3ce95e4e27526d3c9eee9b28aad49,2.25,product,
40d923e7879f2335f07e12f158bf7fa0f5dbc5b85139d48d7109e2e76a9b8308,2.25,product,
2482e94753ab86bcad58666ec0059c5f70d35fcaa5866bb9e6a99e03981938b7,2.25,product,
4d62461f41997d8de6b976129be29ce20e658ad7a96ebd9bceecb09f5a814392,2.25,product,
1740e81330f099c0a9c69e4e96c58305b8460afc0cf5c24304d723642ef922ba,2.4,product,
2753679a8c3e163706245349ffb2dcda7d80d30d0cd8be972346ef527731dafc,3.0,product,
d95b18535b92b87151da7b033e05c69d1a63a944b347693ef1d1bb21d9c7c089,3.0,product,
e6c773393b131f3f52ca3fb2fc5da4952fb28a24fb2cf6b5e75a948459c2bd8c,2.85,product,
abeda82e7533d9a35c90a29d7f0d448d92710324ae472085f50482742ddd83ee,2.85,product,
fd2f79cf054fb725f2610975a3849940541a33b2ecfe8c4f84393537c8149d29,3.0,product,
3adf239f8db3e2ac37ac6515ef6d50383a6f0e31a037d5b3145441b46dcaf8da,2.7,product,
50b6e8dc3373390939105ad7e5b5458a059bf007843089621dfd990d8188752c,2.7,product,
3dc437523ac97ce3d1d925c2a7ed0497963288ff511e891288808913fedb8131,2.7,product,
acc176597eb856a25cfd9f8cec5308d1d6c2a50294e659a28bbaf41a21a61a87,2.4,product,
145b110a164b896b3c9433391cc3b338ae087dcd7dc037e8caa77efb55d4adfd,2.4,product,
2abef4b04fc208e9ae321b697becdb5e893c38a42ce0f41525733c980d376b51,2.4,product,
4716067e39923f6ba6cde2e2b25225e144ce72d62b173e2e3408174655737b0a,2.4,product,
5033e87061629de6611ac0dec47431f7322871205faad254e737e60527b15f07,2.4,product,
97e557d19e1841dd88280012ef6ab67e4bcf81d67d0ccef77c867a42c39fa7cd,2.4,product,
ad36d42f04c8be7197a975dde0112e5397514235dc84993b1775755dc0bc62b8,2.4,product,
8dec487732befbf03773603ec1dddf5c7ebff140236097e2ec8bce84f81958c7,2.4,product,
2de7a1e3227ad34fe883131eabd8334360df308ebb2330848f577dbb218a6f34,2.4,product,
e7e2c8f3918342cf8b455c7648dd8a3b61d79c5e9f796bf3a18c488763e4f879,2.4,product,
18ff96af53d217fffbbe4d7bd0ccbd8d1b8f236594febef6a544f1a480fe8239,2.4,product,
ce1ee846037cd7c0c4c648e3758b3584e5c2194bab701a231b8ce6d8b128fcf8,2.4,product,
9a6c48aa16117d9ee924599aaa861155644fd29b94d66daa28b296a06d6680ba,2.25,product,
9f3e25b24042438801c6832bd3fa05db9d6d66c4c84f0ceca4d8060525a66cb0,2.25,product,
9705d39c2312a2b7581cecbcde9ccd45319c456e66697782183cd518e090f633,2.25,product,
3380004f9e0962bdeeb3fb40e62e0811e94a8b851c96ddf43a7902632deba651,2.25,product,
af6641d024b51d7fbcd38ade1ffc1d591bae4b07e8fe1ec24ef587ab8a677490,2.25,product,
3cbb92a15f334a10bea319f4d0838f05a949274ec55fac163258798b7975a6c5,2.25,product,
12599348886dcb0e5106ebabe378c4d1613553c540418564787ba46fefc5f60b,2.25,product,
db79082b1286e4ba3825944e10e74c001d62bbf5bc2425560ae48656a482cac6,3.15,product,
a5ba20795bdebfdc36cfd84a53fc822855e5c919b296ee18c41ac565e60debc8,3.15,product,
566e10fc4b1ae6f04b5cf6e1fde4fdd86917fc5fd13a9ad0f21d224db0c8b24b,2.4,product,
7c73c42744ca201a38c07dca67da0468cae3673deb78bc9da2528401b9d42609,2.4,product,
5dcfa23e593ca417f361778b6613deee6a835f4460df4e08e5ac78b576167bd1,2.4,product,
211594012d0e2acb91a87918c289eaa62154c437813a79284c80a9b2be6b6953,2.25,product,
394c5904112b252bb15555540dbf7bebffda7db6eb396a1a7c2c815d82052847,2.4,product,
41b478047ed7aa2b4117e5dd78f1ab2eddc0807024644989b6f84b57ceaf5022,2.4,product,
f551103d83dfab6ce2efd5aa8d07f71895d54c8843f566ce0795a645748c9462,2.25,product,
8897176d2c00fd47f07f2544c673cb13c6a0bdb22d0d3721827b299950cdf50c,2.4,product,
ab35930507080c49f5044e7ae9d15000e93ad403b92782763402acececa5109f,2.4,product,
f6cb92f31840a24f25267b8d90eb4a238b6809cfdc421507f026cff39c679cac,2.25,product,
bde0a18f2eb3c02ac17f8c1db4ac7f634d67a5745a334e2c0e69478342b5badc,2.1,product,
7c6bd86c936d3877739fa93c5378c07f251c845b4f254fe5a2d527bda680b3ac,2.25,product,
077c12d869af905327f44418e42c47eb58519e5a835ddd1da52b20368405f038,2.1,product,
8024e1bf18c8a2ff19c54c1ca119418bf6a53fefdbd1ef4a7df1a13bb7d639b2,2.1,product,
72ccd6aa7532616362915201349383241982762462b0a50768d94646de9ff70b,1.95,product,
992656840c9d93d77bd1e91ba880e2fcfa69ea16a34f5c3b603d579a54f7e1e0,2.1,product,
8d7728ba348674414e23f2cfd4d488957924a7e04053c62b54ec57a3a0704607,2.1,product,
977073de3fda46b0c61bdab15fc922be078f3f4ab15a819242c7178742d338be,1.95,product,
87eee883959b690770028103da7e917cc31d5713cd12337e20cb30eed9dbbb81,2.1,product,
1bde821109bf110c03772f84528985c6ddf995939b343292418f756950b88dbf,2.1,product,
2ebe99298f9636eb556ff5c02d4300c1a460835bd0e02c8a306b999054a8617c,3.15,product,
e1c387fd7dc7fb32b91906a2d55a8c8dbea453e9152e3c9f4fcdf91604375d05,3.15,product,
5d6176628d42e489c18a3aac486cddc3d6e53a0e5852ca603a3523701f1226e0,3.15,product,
3b6523917bfbc7048115aba556dc04e98ee04ecad73e00fb4b0864642156efd1,3.15,product,
bceed80065efda413f461103435d9affde4bd0cfeb3914b8d6810d437e464067,3.15,product,
f9bdb51a297ea0f47b8e0ab13376f7b4d4328f1f36d2e81304c8554f48cfc660,3.15,product,
99e9c2eb2d1c98bbcbee84cbfd3e2f0c1fa2968c652123489bb774f48450e1cd,3.15,product,
3502819d9d3f9d5114140bc022414f031c5cb9e24eb090e9b3f0f5267ab4d48e,2.85,product,
83ac43ff9e431bccece711afc4b5924bf08ce39f59aad0bb28801a4f54708692,2.7,product,
4decd6026963aa4f1d207a00424d50be346a55bc6baa3054814d165456cf323f,2.85,product,
ee8ae53958857ae8d4b5dcf7f8aa10e6ed5e932cce470bc02720b35cb21cc641,2.7,product,
de77352217c4cadb28a939e198b257169eaf870bea482ba143581a8157e0f7cd,2.7,product,
04f785c32fbff7ece3ef939d685993427d0b888ae0a00d7533a2c66babbea833,2.4,product,
222351ca469952d530f576363e24321d73d539b39ba527192afd90948f8a70e5,2.4,product,
3e4091c06083a543445ef1a4692fe93da99e6c1e1a7dd42751c72cd82e9f7289,2.4,product,
8e0482bc711ea4c1e12a3ef8f776373c17171b115fd4b739c490a313f3a1ae8c,3.75,product,
224b64ba364fde47aca498727f45cef8209b0130a0e87e29e2e2cc8032f4f2a8,3.45,product,
efa2f4d83f2a9cd0964c30deee7b922af45c6aab698a4886289b1382f68f0568,3.45,product,
6568b9118931025b07a25fc3d56cc1b8a9b0ffe847bf5f1c634f0a596611877e,3.45,product,
860268323a565d6532411f9ca855db690d0b252dbbb8470a9af3f3006e8496f9,3.45,product,
2bfca35a5ff4140687d7e90f1e8817c1841fab97d50e89d5920bb62301957f44,3.15,product,
ac4b59689d6d20a87a312473e83f584bfa193fc774302d04ecfe44ddbb06ecbb,3.15,product,
40dbb1532ae8f50c0d1cf7cf934d27c5bf6faa6f119039bcb582bd8cd0405775,3.0,product,
89c1b5262763208f0b90cf2ae264afa19d4771c9ae20c12b257aa2f8da4f24e1,2.85,product,
a54f521d813414922fcb38576da481582f4eb96aa5681242956fe6f35957bbdc,2.85,product,
827a760f036be2becb6e350ec62f9cde619002fc0a1baa564e51927b49b98a22,2.7,product,
6499c07a8233435f16e45d7dc7ba9cbe0c041501995b458d58b5cd1264e1efa3,2.7,product,
3fe620e726bb487e960318cec801cce179c08c538bcfe0559bdd6dae159d534a,2.7,product,
18da054428c951a1c55197ca7baaaf42059581567d8689b44e24dc3e112f96aa,2.7,product,
0c5af6788ed23ad068c6698a060bdb2ecae85003052c2aae0f51823f38cb4689,2.7,product,
8c56f9c8317d31d090796117e1123ff6a25c3f50014b39651b4c253d96dc1635,2.4,product,
459725e52917791f8bb929bcdee8a59f0f4266419fe9e7f2fe58e9d0bbbb374f,2.4,product,
4da997eb451f0b303874170a9d31f489ee998e588606cab92679f7081bd1b6ec,2.25,product,
7b54697f37223eefad98eb9a3d8fe0af88405d37b9df672c8207eb6b17287991,2.25,product,
80ceb8478a6d3c058ffe8bfc27f5dccfc40229f2c4f14bc8d2d2b6ea971a7697,2.25,product,
d433e16c35344400d211d9dbeb8d9efce285fc674b3070c0a6672093a04cf554,2.4,product,
37023562493487ffa31cb920fb1c88f9e06706a2591e1786ab7831187d1e6ecc,3.0,product,
c19985e393646947aa4925ab71674479131626549d397c9723bb7b46a648f928,3.0,product,
dbdad3f67b27981fed3eb375062bc855f8ad98c46c98dc8aaa581eeba12c536b,2.85,product,
98d925442341c42966aaa5a35736f166df05b082fd9db7610fd569ad078e5e31,2.85,product,
d9d3d1a73d76b2c8eaf82e55e0e981986493cd261232fb3e740b13e097232dfe,2.85,product,
c38ed58776477c7efdcab5af329fdc9c29f08a4278abf1230d9654e72aed48c5,3.0,product,
7aa6f90c414285a5287fcf80fd7cd88e09420deba44c50715b81f3148b0de49b,2.7,product,
e7b300c965f35338e24d60f09dea1b99a43e1d10638ab060666656e3b098a5b1,2.7,product,
463a89655dec4ff8ecd7696da9f144c08153b7545494c926d3ec9f24b114169e,2.7,product,
fb6128db8004a969cfa5a19cd87f7eb33c9b8e6814f8882de3f13ca3672960b7,2.7,product,
32c6153922999a86681cd09717e079c1aa2cd30839450bf6a771a6fc8285ee37,2.4,product,
8216e2e24d28ccb39eb4002dc3de1281ecdb24243070ac63695ed82bd612c572,2.4,product,
85acf5642d23160596ab8c9c5220b7b009fac39134cc692f9fa0bb9f2e4b34a3,2.4,product,
69fdd57d6c0aade920651eea5e3169134861ab5f9efe37cd9260a76052a9ef14,2.4,product,
2a07347d6a9a4fe626c5d243f6b259a4337ec98550d3378599ff218d098352d0,3.15,product,
5f6b370d3d155094cb037930b488cf78f73ac1163450699086fdc038456507d5,2.4,product,
440392c655d37e30cc1192ad37b1b281e4d3294fff9589f31653d5fbe88aadd5,2.4,product,
8bc543ce3071cb723cc5f5c3d95d8e9a2768949b7d32e1a2c8a298a5a2a29ce0,2.4,product,
37c6f297392a7aea5d6295711628de0096357a17b0a8024b81d0b5c3b4586546,2.4,product,
033042738a96187bd62250fe9533595730babb8ad00c3982c314c9b67fba7a69,2.4,product,
88a4109458acf237263051c985af7857abd3bbc98be9dffa78e999c3ae9ececb,2.25,product,
d33ce67b0ca450092a80a4b40090747815d27aa65225e0fbafc6e6cf238255a7,4.65,product,
ab1577612beb4a9678447ee03012c0fec934e0c9f7d4ab8e238ebfea730e23ef,4.65,product,
435e74849a72e73f881ce6d2b9731b60b5e38451682a79f3146ac401ebfef107,2.25,product,
43bf42143fdf47ccc248ab191cf930ee618c02daec2ff2857381546fcdd9fd68,2.25,product,
4e96d26498c740d2a90363b01ab53afce79da9f771bb7437ef4d522e683195fe,2.25,product,
97f912894190523542710ddb81957e251d309c112f8e89d47ff8a642df0c718f,4.65,product,
9ed2c921116e2771dd278a34a221712c98e91db81d8a9bb72fbd0de369327b71,2.25,product,
9fad672c3b4e3f3a7ff3d95153c9d5202f1a3fa11723ec5ecd3be7270f796bca,2.1,product,
31f2017086c78a95c2e8547f7dd41d2cccb8ab1e7bff00b58b30c19b18644c35,3.75,product,
202429243177b4ff7139eca7e59d181411da1e93db47c55661e0d17c330b3964,3.6,product,
d4a2e4a700e73cf0a7347cf0c22ce48ada3f00d50d258524bd4bdbfae7890d7b,3.45,product,
d926f1d97d6804721ca461ca5a441133cb9bd02d0880f56c3b0bfb323a5a7571,3.3,product,
cd0337de4f087d26dfaa630c69cfe399781b1f13b496086bb81be0c338c16582,3.15,product,
358e733e3608c5cebed3989d98cc9ccb87a3001b8a912ae76b59f0fec24624ae,3.15,product,
8ca7d85b390bd27105128fecc5a4c9e132151f526cafeac581e386cf4d918c8c,2.7,product,
ad23b23b3f381713ca04b6f46809ee9679f3c0d13702674ce953e87ad27698bf,2.4,product,
72ec369f1443cb8ba4bb3a1b23aa1744357af186caf2b736cc87ae4e3187a7a4,2.4,product,
037496f01b67c8de46223c819e40f32b624e5dc8372cb382c24363f21e58f32a,2.4,product,
64ac86e9590484948f09c9195c810040b550fe11729d69c8788285ffe447105a,2.4,product,
1de1967848420d491a2f4ae2a4b87d74bda11c8f7795e59d333482542dfcb840,2.4,product,
f1cbf345069f230d10b1e2f330b75d4ff7c4510f4ec44acfd12f185b7d4fd8c0,2.4,product,
cb5119c93528a3fd1324439c3e1f93e078acc52d5d24972bfb37dd121904bcc7,2.4,product,
914d89266098092cbebb8ce1d42ac68bb52b1f2cdc2ed361238fbb46868043c0,2.4,product,
f7a582645288e07ecd2c4835248827af1d4b26597c65614283589bd83cb02abb,2.4,product,
d4acb6b407ff13b3ed82314bf853561d16c74cca2ba56771da5412066e185f5d,2.25,product,
d62c69535df2d506bc58654cd4e2e3c3d2a4424d2154a2ff0eb9b2eb94aecbc1,2.25,product,
aef908bd199aec732df7d936ef712cf7ff37ff3b789a1834b9d9f420d1452cb6,2.25,product,
824e17c996a6263c6a65154435718e57732db851c58c4587e1b6a8baca452e7c,2.25,product,
8584a64f998bb567c4ddddc353a4f3bfed9bb580ab1a23109e6e5d150d332771,2.25,product,
a011d4fb6b1cc6599e673c7d94dbdc7c9f4a2280defb81b3ec80af88f234adda,2.1,product,
8068711a6c8822b159befa9ae394daac7f7aa2fca52282d1ed8612ff4d26d4e5,2.25,product,
554643bc3b204d48315b4ecfeb2b2085a6f2dc3c3ab3ba571724b04f6716bca9,2.25,product,
083cc4e27b239f28fe2b409128e248689ed07a08134883ad53a782fb7b399e72,2.1,product,
5ba149957ae8b5a66863e662e23ac4dbeaa66facb37281601b25611e6399a6f2,2.1,product,
989658800918e969c650f19d499c96d663b9e8243791de5a023a92c62c5c4f58,3.3,product,
7b8bd8ab6e001b1e712cd0ce59ef0ede44198624505b6686418f5c692cf2c193,3.3,product,
5a32b92d94b174fc9fbd41b912c964d1af72320ce74ee489a7ea763c11342750,3.15,product,
7203689b2bba2c0f8171ac8ec3be0330e7e787c4b764a814be839f191d62acdd,3.0,product,
ee5fa5e7511d54fa21fff35ce41008cf29455b4f56fa8d03725db320ac3859fd,2.85,product,
8480a3215272392bae22b159cd3cb6a5e0037249ebd34f05be293026f8be9a2e,2.85,product,
39c388cb9031295296964e05e3dc23e58c8c73a2c3d189c1304057444c9d1fec,2.7,product,
c1cae1ad82940c0821693237c692d6cd3168dbbca91a8403f38dfd031e4eb9e5,3.15,product,
a47c220258c51ac26d195cc21814a607f6edda0dbcd3c7874ade4b6b34fc84dd,2.7,product,
8fa384f784d58aae5b8cf9712ff1a3682529a5dfa707285e9124710b95d81338,2.25,product,
1c74202f1315d798e3bd44b89187ed6e5be38d63299328fcd7f5ec4d375c16cc,2.25,product,
0b3c98ac1305149c575b4b64b909066b6a311655bb1e5d4bf725bb86f635b6d2,2.1,product,
27bfa86f326f7fe86b2b84e1007c8d106a7578d1906e2df7f5ad71911704e93d,2.1,product,
5cd2d54076f2d16c78b423ba44dc8d80e75b5673f02697bc5514ceda80944354,2.1,product,
397ec19633a9260d4f5eec18c9777232c04712c466d0c8324b7b837d81cd1a00,2.1,product,
d03a029b1009af82aee5c1318437c37d6829ce645dabb04556b6f6d5b0bd24bc,2.1,product,
945bf0711b7351aa2a7aa7c5f8239ad6995c66b3ebd1b85d964f543daa984322,2.1,product,
2b7a443b9d989da5d068f9958100eabced0307d3deda0e45a472facd35034199,2.1,product,
da7a81071e292ae6341d45f0ffae2f129f014b3eb11f8053544443f5b4055a91,2.1,product,
14d778ef17fd00c8cfbdda124beb4c47880ae21c795562ec560a80a992623ce4,2.1,product,
6db7f9d303168b5fa6ad58349f20ca78461a0560fbf8e801605f9f65ec24a598,2.1,product,
615e02738cd21af3486e56c678abdd2de84a66eda1a34b670690925b44e34274,2.1,product,
f79e919558cdb3936f3a7a19d9fb82338fef8c47a6c4ef6075d3477cee5bda7b,2.1,product,
4c7ff0753ea137d64a7070e76379323f8837de40e41a99685cbac1a809d4b5eb,1.95,product,
3cf545559efe8cb4b1ad35666cf8cbae995b450d5372f9c144940b11db7264bf,1.95,product,
cb7c29ab9b935596c30e16deebec7463bd4c60a5cbb1a6f185b6458e14d03a0f,1.95,product,
6dc4b8d320187f041c1629e3c6008c68b3363ebb3bd9efa67454fd4897a81ec2,1.95,product,
9dec73cf30e1f4db9e1b2d837e28959d75d6d42ce7b7cc2da4f248d962d137f3,2.7,product,
5c1c77934fbc86f8e1cca3eaa4ebe9dc491588693d093eee8c9b9f89d814295b,2.4,product,
5b79917c43b66d1a78047a82a272c944fdf4794be255d176adc668ea25beede5,2.4,product,
13be875c8e899f026728be72c2958bc7dd858c3265ac423944bbe340e57b287c,2.4,product,
c32be78672ef9432869ba2ceb42d105f13102a364ed287fdf5dc264ea50f747e,2.25,product,
353d30c2675b1126cfb71a68cd3b42f3d97b10ac1c08f00c58e315d254a2e75a,2.25,product,
12c3e4cd13f80ed245c3e58688c28ec187c40492d1f56d1d9644763e9c1a4043,6.15,product,
95db81f5772d0ff73632ada920b8b0d64c79a9827d3c251cd443fd21aa074a66,2.4,product,
3440938753c6ff96a17936a823575a477513f147c2fc26c6083ec054354ef250,2.4,product,
827316466dbd37f24d603b431341772a7d475acdf517775f6eafef648126996b,2.4,product,
cef2f4616696149b3b03b34cf2f48b0666f3c852f0d8acdd0066ab6b2467afef,2.4,product,
09a4897c7dcca78a633d6185420e127416eb523998b39af1e84844927f4e5a2e,2.25,product,
079f860754a767bb1b0b59ee6e827b377a02237586d20294fa15c82288c8b301,2.25,product,
b3d765d0036726b4305035df7df984e5f48c8744d0d0e80915cf551be2b6d22d,2.25,product,
cd4933ac82c80e385fecd85ddf07a46210442373db542530c5f4adbd2e66835a,2.25,product,
dc52e6d30e4b444b6858c521bbc5c39bc374f72716ebe8f9d919056c47f375c9,2.1,product,
70c9239527cb81d8de598685d5c90f88d8a90f72355fb3f51923ca4f484542c2,2.1,product,
8acf136c4ad411cda4b41a92c2e10610a195d481bc8b0d55ed8c8174daab231b,4.05,product,
ffcb432e55d85d005d2570184d825f306b75787fbab7e6605bf389c65ef2cb76,2.1,product,
80cd94c8256ee2d09971e454d5eed06ce1c91fbd602abbf3a0d10d7346ea14a4,2.25,product,
f65f29259e81b767037affd899b89d846f92eae4593ebd5b63c8b625c7ee5c93,3.6,product,
337706874d48acafc73aac9670e901e98dc89f94a33c358d6a516368c23081e7,4.05,product,
ec394352051b8fdc592910725d3b233fa52f1d8bb026a61f85802562b43f503c,4.05,product,
41bdd48504362b78ce9f38732e491e7d98f5ccd669327d3edfca71d020123ea6,4.05,product,
e753605089b2d9559e5d100d9ec18b0b07872a6d9709d5fea4a5d15fbd80f2b1,2.1,product,
585f87986282899642e57b67d1f9106510a411790c9b4bf0bddf6525c55952d1,2.1,product,
5e9a178f315a33a6599390b5d6b372149f8d6dd2bf6dc0735f53d0c88621897f,2.1,product,
fcf475381cef8aa9aea06ea3762d662aac22dfa9e4106fd0b015fdbe4c68033b,2.1,product,
80f3c4ba00392eafc1718aba5705b60135302756105ffcfeef14e00c70d0da50,2.1,product,
87f432da7307d96bec4de6c9bedee290eb29d78172e4f4f4eb6382a7225ae75f,2.1,product,
44a2c9f853b585d7d2dccf8801c75561ff0719668d47e6472f2b408bbd53d1ee,2.1,product,
07e656a902af42ca5287fa14b961f8d46791c0f6706b396ad0876e1d5fabbdda,2.1,product,
59d918bb1b4c221407728deadbbd694c4858f54da7d0ebaf4a3f802e7a375974,2.1,product,
ae3665f9853bf891ff57c40669fbef410c859eb12451fe9edce14abc6617d3f5,2.1,product,
234b106a42d788002772c8c68914c68baae3760c209e3b789a115001aa2a50ce,2.1,product,
0e4675599a528772e0ea70b991f3f95f79364e90d434dbab578bfeaebfdd3e9f,2.1,product,
980971bb8bff3d150c768fd394240b7456b0b627d961f16910a92277076d9e16,2.1,product,
ecbb573774b5a684c5242e921c9ff4c8e0a8fa474a136e98375401177c2353f2,1.95,product,
05e507c287b39d6cc9af623a7a4c739e418b61fb3009416eeb3a7f556adc0462,2.1,product,
d582955a589a8ca20a0a11a6eaa563af45f750586bb433e5a30c17959d523382,1.95,product,
ac8163fa1536a854af321ca935805c4f5c165d7061f13875d4740e9971c78529,1.95,product,
5b2671a03011efb9ba9536d81ab57f2ef96408515be8f16c9ceb12b93826feed,1.95,product,
5eca17604d153a7d04fcd305bed4a1eadbe62f96777e04c9cac054f9fa55c178,3.15,product,
e967b5102a901c9beacd5b11221547e86cc87ab5d83a2d1f707862f53072abf5,2.85,product,
7c10591a2be3673369c5dfe8ead6c57d693f5c75f747ee0577f317404ccec99c,2.7,product,
c33b4452611699b7ca4a22666def40ff0b62174a5d19e9fec50fac6424c6ea7e,2.4,product,
ca9817ed3c672ba7ad5350755b04b94710f9f1af0f7d1cc485a4671af2e251b5,2.4,product,
da17141946e788832af659fd88d640e362b515b7baafe7f71c3f85a910bd1727,2.4,product,
ffe3461017877647f93dca79828fdca516a45f7967294f68b92b46af0dd70855,2.4,product,
57bf184a269c9f6b3043eaa17e1812b0193404675a44f69e12a89d0159ad1707,2.4,product,
d36315c400cb1bee96e4b82f0f14a1336cf43ca86e44ed540bc9a7b93e2a2200,1.95,product,
67aca3cf980e0dc120387733d507ad4c739c0e9e6c0ef155e6e19ac50acb8b49,2.85,product,
0d2c5033897582e5600cca22714595badd06727bb91f5a59e67094189c3f6cab,2.25,product,
e520009a7c7ac2e5f8f571f2b3c34132f5ef023b51934bc82a96a26255084fb8,3.15,product,
f975e81812d065bd98c8cb05e34a77a7223976563868bb02b0541f205800cdc9,4.2,product,
ec3358e36c505537cdb7fd3042bf92f6b53df5b63fa7214dae2713b8bd376daf,4.2,product,
344de1378a5acdf2348a43f8f088db0373878567febdd47d1ba43bcc8abc0921,4.8,product,
3dddb0a275a6fa6102502756d38d2115bc5efb84843b38c4bc483ab74a4c4ee1,4.8,product,
2222354c2073ef3aaf7956defdac81efd5e14bcd1c7a2174ab5f75f2c817c7ff,4.8,product,
9330031766aff7749764bbb63ca7c854dbc344302517c7a8de77a3e753338ff8,2.85,product,
270f053465a9deb1111983f4bdd62f1fdba6b605d2f32a064d4a16bc3277452c,2.85,product,
705e26d64f1cd5cb0873facc506a5be2bd8e1f1dc4ca8fcd017d01fc987f9c6c,2.85,product,
7dbea0510cd13fa6fed819585e4dfc6c2911e7657f6cd7b96404855104572e77,2.85,product,
bbe667094173503ecf99bf846172c2d06124f9fa47acf817314172323a996e20,3.15,product,
63aac0f81b00e5de46efca0817a6adff0b246ce96a6c42220f85183c58e75675,3.15,product,
ce9995971055becc5dc9edf96b6ea068054a24ffa70c46080e28c44a0f139b01,3.3,product,
17fa37c556a08cea5a9461d0e8bb8655f9de69406dddebfd951af037a567b73f,4.05,product,
70282787977bee78ac4a057d4619b29833f8e5f927c47dd6ee31fc1743b74378,2.4,product,
3457b9ba616afc61756f729fa2e9538187dcd9786b2ce46e00d29ed60a452f1a,3.0,product,
06abd357800cdffeb6c5f9eecc6d0d9d68f95779bf88b9d0a2037f6b54ba8894,4.2,product,
0025705c389c98a66a7335c72d538c3220ad1697f3265c44c66c910c0c6c83e8,4.05,product,
f3c669068653c57aa05144abd92a678a123cf657c38ef2c3a236fee684d55513,4.05,product,
7d5ab13a3d29b92d957559aa34a138bae494fc39e363caada00adfaa40e0a231,3.9,product,
aa53469a4a40da3a179d2f3bdc2342797f0711dc003437c5191503dbf8500638,4.05,product,
e31cf98f76d685e46301da21d62d7c7773fefa86f5b3e0f5c24e1abd9740dddc,4.2,product,
3b6e5344695a983df31daead594a94b2d264ab945795ed3fb65d147e737f5379,4.05,product,
d8e5d6a1163c67998db9195a718dc3cf1e9749905bb74a675fdb14c72670b9aa,3.45,product,
1b1cb9421ce7099775e21bc055d95d86f292c6656cb5ee37c2e05697718acdcf,1.35,product,
9b84491a18694a063c61ce7d80e9fe5093ed3483d6c8357341b33d1a3e0ed04d,1.5,product,
6bc6e1ce3d293b9b37c4b6913b1b1710a4c1e43af250a75d276955efa68d989e,1.5,product,
bf4976a09c913e42567200424cd1796d8aadadafd867d37a477d1a170d23bb0d,1.35,product,
131b22cb42cb3f290fa2fe7a72820857fc75296a21bf29363a4e0e3fbf1b743f,1.35,product,
2eff52c8140225a4101cd81c8eda95974e60b3c370efcbd06328cc7447450d25,1.35,product,
308ae97b614049a36bd578635e3fa41ae913f91fdb00bb20648d89ab546440a8,1.35,product,
e540551d434f694e94e1a1027e70d9cb5e0a40f81e3afe540363e7df3cb105f2,1.5,product,
9e1c083b0324f7e71d661d0e957542b78c157c06f065d4326a7cf45aca474d82,1.35,product,
d9a79148296694d2b904755535b671ad49133ba0ed2ef2ba677a09f453598f22,1.5,product,
b47487147157d1099015df34600199b2f467f46a37ded82da05feaf92d65df59,1.5,product,
32df519c14e3586dd683af661972a3b72aec329db019c1d7b8a2b0063078fda5,1.35,product,
6d7861d16a7d88a6973af907ebf5f024e5aee5472b75becf7da191e2242e1b91,1.5,product,
c248473d38a0d5a31550f63ebddcb83ea214f6fc4a7b494a1490b6d931944579,1.35,product,
8766b7f9638718cc5f9d10d7b541b2a1043a8366423de449882ff9ae8400c57b,3.45,product,
6913e6303007b4c90007020dab29c4405965922a753bf81b87b5b05bd5e9063a,3.75,product,
0f58e3e2510eb57ccc783e256ddffd0f0aca826a0ab93b261ef3c750f3b5ec73,2.55,product,
785f112c9ff0b78e4a9011928c4ce24ed3b8046775dde86b12f3c732c95c26a0,3.75,product,
d60378433071ef792e1c549a1ff78e5dbc72ef0b38204f457a2a16fc9157d182,3.75,product,
65b318a34aed898e82a8209b78dc1a77c3e8f4aa4c24aa368c5d4d362c6d21d5,3.6,product,
b82455f63476c65dacdf9270bc9dfb7461e27e1ea75fc1a109879eb4e5ccce0a,3.6,product,
9466d19d2c08dd1bcd439fa4e748d9b8ea88f6b2f4f4f81490b973a412a91657,3.6,product,
27a2f13525b9828e4c0e2a7525e1d0d8c367ffbbbaddd13fe9bbb24b036672da,3.6,product,
81653765709533526920884b4a0f08894b9b691b7ff7c57c75aea698ad97358e,3.6,product,
feec21a8615292c74c3813791987b5ea09b81149051d40e8dfe93ea788a8414e,3.6,product,
151794580ce77c773b8536717563b19065da03571885bb0c48ad28e539d147bb,3.75,product,
2340d9ab815535df9a457c7882a083db1d735d422c9e2535e70347e27b633d55,3.75,product,
00a2c72f130837270c2d5cde30953c791fd265d5fbfd08c7081f149d7cf4c149,3.75,product,
ca6996f928238501d2a5edd756c3bc472ab108d0b2276f3df13c7990bec14f58,3.75,product,
71fab30a9d0f6d647e7ebf85a69d32d187ebda3ca8d70feff4eef9a79892ce3e,4.2,product,
7746a22e84abd0b52f93bc68ae8945b561457b8a54c3ce1c2662cf782199c4e8,4.2,product,
d6c688d46d557e68941c4ccefddff07e408ae9bfecbb112676305492e1d4c2c0,4.05,product,
7a8f56d81c41253ccb7c512f20d49ba223cfde981c4b7fcc1a761064800d67a5,3.75,product,
3cd0a2b788e96992295739c5e8a3c294852c3fd944cc4ca0a9f8e8874ee8b94d,3.75,product,
7ef0e8811d5d2f7ba34e9915ccd65d3885bdcda4c3e8edaa22f89278f2b73e56,3.75,product,
55468595862191d0555cf5ea85014ac91ca788dc9c39e475a3cb560a08fb9e18,3.75,product,
24a7d5967e403f4ec459ac84eaf3e009a6f08bd03b32bd91a2d84fd822c93578,3.75,product,
981185e66d5a30a8477be0962e738f83f8db5ccce59aac5a1c790b39c3c07122,3.75,product,
cdd3f91947fb14ce11ed7aa5ba9b501251ae985245bf18e9884a029b0523c5a3,3.75,product,
f8b6990121da473023df9f37be5fdc653d5bf86a6b7b8cac26d90053c1f7d07f,3.75,product,
0bb0678699bd9398946099b0d89805089824f647566c864dfe6a6e638a8dd037,3.75,product,
d0bab32249653dca725885e99f3dab6fb3675b12da4ac230a263a49100895838,3.75,product,
1a6005c654db46f727036bd646cd804a7989f050e4af85c8c74207bc05150d58,3.75,product,
0bd8601058e69f22d855aad69412f93e417272c423faf29cc0468cb726126449,3.75,product,
0849935e3661c62ac57e5ab8a6721de69197d3c2e89f79f2edb16657ee1a0364,3.75,product,
a0a199b3578337c6f8aa410c94ac53a7f2a8079b80383f5870ad24b991aad43b,3.75,product,
ebed34af69457ba4929c6aac93823bf78171f1c978f4d9b6c441c34256e67a28,3.75,product,
8a60099a81fca5270fb14de3a3a51a93990e24f83a6b3f64b1ab22537ee0a426,3.75,product,
67df089366f68985564bc7dafe6d8ef24a0f42753899dbbea7088f9c84bfecca,3.75,product,
c7a643313cae709f43955d8497ab039028d374d2da300514f36fa1c3948b8af4,3.75,product,
da61e78847e51fea9b56a788a78f5c36d7d9f8e6e46cef026f1c70c4ae2c7d29,3.75,product,
509ca93b00b4545b30bfd191a0e428c8d5e1ef3d6af0314e30fbea66ae32380f,3.75,product,
02ffa9c540d270cc5266b41257f7297634cbc2253829533b642dc96a65f0292b,3.75,product,
2ce8b3865bbce1a6e77389700efd9083fda1e887b29699a9cdfd98be44f593cf,3.0,product,
4ca529e582f3bcbd342fd508654a693982be2b48bb15e0e1f289bf4723535027,3.6,product,
2f8cc20221d4d3f365da5d77831edc79560393fc41481d42a85ce5ef6a36ad1c,3.6,product,
a24cf8d78e9e6bf564c2a66f75b8cc9739cda362d482fad2f107b395e58ad46d,3.6,product,
f7c3c54d41d4fe0b48bca496a44e527f10f09061408ab9281025ae87c0d10bdc,3.6,product,
978c60e92fdc162787fdf41ea401dd163868f0b2f3f145bba3d60523b12b86b0,3.6,product,
3953831a76f041e997102d9708918fc8db3a374fc4165b79028469864ecd5709,3.6,product,
658ff14d6c5a485c71e7d08320c3e32b0d0d866fd231f3237d798a97a98485ca,3.6,product,
31c9c6d87680605fad941e2c1fa3d3fdc91781d2d9f17ecd21d37639688e3fa7,3.6,product,
b34e23c35e1031c403649c337dd6e6b513c9da4bf276e4bfb9c1b20182aa1d03,3.6,product,
ff3cb2f5301415a8012da9093e938abc5b556d1a5a5d42b3c70d682ce15da5ee,3.6,product,
184c30f04385e2d15e76fa7bf52a0fe6fe3721e8892b26c5c78905be8db6c390,3.6,product,
169174a466473e3fc54a64810325d51f97ff839c0ccbed0f333b801607dd3e98,3.6,product,
1187b11716026487468dc26154fbd1e4438543f36ae15a9fdd693d60098f1e00,3.6,product,
8f08597b3683243a2569b77e82da492a05d272e2119436ccd014193f44db5a2e,3.6,product,
34f8c141617d8cdc5c8fe00ca52f8f90f660f760a2dd4b4a5a725d02d328bfde,3.6,product,
de5088ca9cbdfde4f154d1b763aec4c11233496c7d5726759545c776c1037b61,3.6,product,
72b579969bf37f388b57fc615fbe811dbc7ae29f1230a89b7c9e5002e5ab7fa1,3.6,product,
104da5825fe768a597793020e410ab55279d3eb80c3b60a1362cabf5ac30d1bb,3.6,product,
7e5fb9fa8efcb36bd645e3186fcb0761a2f28b7c43363f823a55b498a61fd367,3.6,product,
71e847ec2871a8bda2be7e92af95056dbb3bb4de78c4e004c1b5e4f6226e0568,3.6,product,
9a5048a31bb46bf7fd8e374d2bac1a8fa38a91b7d2209431b7bb8c71065bfd3d,3.6,product,
7001258e0fd982d4b5bb83038343fe45dd70ff3a3df728cbd11ea3e00e83a1d0,3.6,product,
ee7865975b3952e2f4f74902a58174de17e4efa81d44ab31bed02b016ed627cb,3.6,product,
e50748077c09593548d2ab7519f601a2aca0d41ca6677f719df024e8fdfee2de,3.6,product,
e115539f2e5246f4f86b8e421efb52df3563782bcea360041c0c0124155a2583,3.6,product,
9314a7bd1a1900de71f99bd6b4e092a5b0e33f1a7cbe6f0787a4295985d32364,3.6,product,
7c5c73b55673615b551b223121712c5a18c15307b5e4da435bcbb155364764ce,3.6,product,
ed6ec4938a989a6c5603d9c7d664e71cfe933b613e6bb350c3ea130b2ce3467d,3.6,product,
b706d7347efda88c6f1ec2f02a16d4f82056ee5c43766ab3d925f990df18921e,3.6,product,
3783d11d0883d78f9fc363dbef161484bf6147ac84dcaae5756c59f424632a7a,3.6,product,
dc6980af6d6b66718b38cf52f5e5e1c0f58daf6ad136a58e8ac67aec15eeffec,3.6,product,
4440b2ce9cd7eb59ea4731887fd98f839535ac4714ccd77c090534d2d30ce522,3.6,product,
b63c27304aa502f4a2a8e871a0a7a485621c7820768fe3a3654cc7a68a2868f2,3.6,product,
316b24af4381a69e6e5e89149a7b9be367437936d33f1735049a416896b51be9,3.75,product,
fbfad4102d3da5946ce9c956367600ee02f93505e472fa963cd5e5f250c667e3,3.75,product,
afdf73558760a1e042de1742680b1bcbaa8131a4a32f4cb6d78b349bef8dc7cb,3.75,product,
1bae003d85a25a02c0b9a99e7d10fbc62fc84d6657cc079d786dcc2a662fa2b0,3.75,product,
97a07119545fa5bfb30b7e99fb950d85a1fe73c52f4cc6841c4dbe81270a13f1,3.75,product,
160b057a83e48d8ef0de74a40fae774bf10000e71d5b09755e70ddfdc9f155a9,3.75,product,
9e54669d91f2b6a2f5efa1f2eae035c0697972c4f6e15a01c203620bc6a28674,2.85,product,
5c6b686a095fa9f866f4a6622ee9ef87c1100525863ea5ecb7f6789feb881a73,2.85,product,
0aad71782327b5a90f15d032936c485261412928d74d0048844486448b331249,2.85,product,
521e51b49c22c2ea86e2d6831caf2dbbb9fac16728e43f0bd1c4c4d3bffd4c54,3.6,product,
2813c06d09d46e28742a2c5978bebb0c597e4377b6aed37f6fbf229b4c2d941b,3.6,product,
0d9678253ebf141b64a4287fb41dabc9fc95568448dc6fa7888e01e7672138f2,3.6,product,
4fa8c2294aba6c2f2f8d2dceb8118ea4c03aaeaab417278ffacb4e6a1140acc7,3.6,product,
1ec735c1049b9ffe17d8e5ea993346300d0a52da5345028805bcae2f62f786d7,3.6,product,
95a6a50e6ed304e76c5b5c8e94f5da2ae385ed8e297e30cba647a34215da0769,3.6,product,
44e0d3544cf2701ec1bf2657db95716833281c5e533fd6e162a89b07b4a27383,3.6,product,
aa4e3421552e794fb603dafaad809112838ee7de6027dad4e216c136fb48037d,3.6,product,
917cc6bc6f2bc3519b02c183317a3c9a2d4e59388d261b74b539c98d31a8f1d8,3.6,product,
7a3be246880e5bb6e6af6a2d240e569bea864991d6ec4ff9fbb9933866c263e0,3.6,product,
b8ee55d205b305575aaa041e70466b492730a0c7f9093c701fb480728c0bda09,3.6,product,
bcb461ef422dd1a3c42f8afd17db12a2a78d1b4869e71255fc3a02cec325f267,3.6,product,
f26115bb87bc5ba83ca700b59a4f13208f56e899698b1e77b3a9f7a6a894968a,3.6,product,
79dd39af8d336e0dce7b747781826535c5257208a64fcfc8db429c3d75703cb6,3.6,product,
f9c3d142341a5793ce86b1912e89f2413c5d6d5de2a89d72b3f53849b106945f,3.6,product,
2f6772b59b7ad53145fa6522576232cdfebfc6f5f7aef8b5a67ef32ec479516e,3.6,product,
c79031884c53b8374bb6ce8d5bac4f3fdd911584b455205bc14495504421e211,3.6,product,
2738d4927d03432b8c099053ec2f97082e9a58620da5feac69b0ea8bb1d6a68b,3.6,product,
2c86b96e7971061b27048ac5bcfef1d1223ebfb7e53b6c3cf2aa910ae49d0d27,3.6,product,
508675352ff1ee24f5609c75cffc4e5783724ad95e32f4b7e18f959ef86aeef0,3.6,product,
76dbe42765760071588a12f67e4a6f4323897b80f1807252a308fa8f58a0c36b,3.6,product,
ef91e56e63d35c6bc0a28f63829922e0ccb4107e9769a598e1aea63f2be958cb,2.4,product,
bebc56a2999a847019e9a8707e4d9732d36b2af8c15797a8b0ba0d11a08a0c4c,3.6,product,
9d19f0e151bfd2bf9505daed587b18948a7e5c3807801b6b167d2510ae7d3ece,3.6,product,
76dc965f8dc92ecaa73728ce3ba321d581a02ec7f2dbecddc75ff60ffff08d3c,3.6,product,
b5a1b06972cde65c23480896610cdea0f5e646c59557e86d64ffd50a8826a66e,3.6,product,
501c06ec76dff0088b0be82b09c8edc13c009c1ccff1bb179b421eb1e3a45a59,3.6,product,
bea5a27f46f8dbacb395cacd4c299c5c6ba0fd4d053fcb1a0518e24f5ed68bf7,4.5,product,
3e20f43e45f904fc2b4ab3ea12d6a5c5f8cc91fa18c7517a5b1292daa7cb98f3,4.5,product,
66fb764689a9da42e71491708604f4d9ce20f615fb8db6cf4ac8cbd162f5209c,4.5,product,
829231fb0952034b51ab455260643ce4ae792b467b782c79990ba0cb067b468c,4.35,product,
31b81894647acc1ee7a13fa149fc8055a33340ab55bcfca47e53c8c4a7f5e88a,4.35,product,
f4e5e77e1c7ac614b2673c1c345d07f217b0978acb0fe23b1c9f3206ac164578,4.35,product,
939992192fb7f104e7fa7b392553d736cca5dcfc69213889169b07ce2f4f536b,4.35,product,
b46d64b0073879296802497bb7954220a3f2471c22f3fe496804cd318efaec2e,4.35,product,
e962b55e7b362db758d6dd1fd8a612be293c0cf21fb18d5172e83a8c8234cc65,4.35,product,
5e2db4654c472d3bc5e2a618f1ff73e3d72a305f6364f38e5d637568e05a9aae,4.5,product,
81b680b53bd546c7270a6ba9a6cd873d117cf2a20f30298756b08a60c1df906c,4.5,product,
88a7492773b9d4a55ba0383dd46381cccd59292f23e2726ea11e02830c8ec1fd,4.35,product,
01716780580a8250acd7efa6fffb549acfa0e248397c246bf8c5ea04a0d9ac23,4.5,product,
023732d4086cc1197a9af5444787dc526b5cd61ea92576dbbabc399692fea558,4.5,product,
2b65c7e2651a366f30acbc8624e56769aced83c6289439a3571939f863556ee9,4.35,product,
11b7d40751da8152c6be5e9133c5f044fab5f949eb8a5852525fdb5cd0f164e4,4.5,product,
2f2956ce0ba22a446e87edeca3fef5cb7b2719c01aef8f277d4fe37f96f0630f,4.5,product,
dca2c0425e2b0154c41de4cb899798140c8f1127ddbe4f7cbb2bbf29e8d36bab,4.5,product,
552b213411280b3b535837991a077dfbad9ca1a1e492c6d794f2e712d17e4b23,4.5,product,
1ceb440400211e2c7fe111bb54199cb9a84ec881feea378092285e0fb0955c83,4.5,product,
7611b24a9939d4101ace2120cc9498729e51071c43491ee96740134cadc5e1c3,4.5,product,
6457f99b6b5ef2e9bad1c498c2aed464c853336cb9931bc7b46bf53fcaa17fe4,4.5,product,
fbeb60e53dfade29db5dca1cec099037bfac195b6d0a34a87aa136f01e9c2f9b,4.5,product,
b8fda5ac3ef4e3299d47444b8faacac764980c7daff0af112f1e1c83dac4223f,4.5,product,
58bb21766234bda8af1089417c26d7c20658e5f0602238bf6bd912f6af2f080c,4.35,product,
6d67603c5d8406aea6c28ae7604a06026ebd360392fb39a7b8768b55f8a40735,4.35,product,
84356879430fd9cb6f50d72faabd61ae30b865bdf3a1a1d7ef8ef8277434e999,4.35,product,
9abc14579296c946270e5f78c2bc322e8e187d62936409d5eb332d47537d3a4e,4.35,product,
7e39a9415bcfd01396858046dfc2e71d9b0ca097365b79716d8b066037841f92,4.8,product,
9e24d60c513e023fbdf6985c283deba7a5c71459836256686d77d31a1bcf2a6b,4.8,product,
aa2c140d37e2bec12be185bfc57edf2f0b1c862c75635496261e9959b365d60d,4.65,product,
b59322f19dc2e57c9e80d19668db6450fd430ab0a5b9024230fd9618392b5467,4.8,product,
0bb167f338efd9b08fac724383327c09366268c001b8ae8a9954171b5d01a411,4.5,product,
d68b19e09f4e2b7757addb032fdca7cd69a55573830ca9bb83122ba848664cd5,4.5,product,
583e11815945c645b8d27750be8576473a7c08c754c04b588d95030146889b7a,4.5,product,
1936b6cb55810149ec9075c56866c896f4df41b4245e4438796328d1a0114653,4.2,product,
ecb39004650e562f46b209dfbb4ae0458627d6648c46e4936d4ec97f12d52748,3.15,product,
11cdf0cf1ed19299f92af465b04ecccbeecc321df91750f6c8596ac95a8630ce,4.05,product,
9c24a768121c37256877b7f47f1dca838d3a4d3730b09f926525ab0184bd4867,3.15,product,
413635d48b64319cb59e8a901dc42a77a75f6441a12cb7d169bb8b31587c2dfd,3.15,product,
b7b1a1b79d46232c9d39be87196aef2ab513ed65359c193800b6176808c477fd,3.15,product,
5902514176c4be703988a1889a634d8daf6d0abe3087efea090b18d3cc9b3838,3.15,product,
4abae8240ba888b85fe299b4924ff4b4d4a771184bfb3f042a30f6de7c2b35cb,3.15,product,
c368918570185ab7286ab9ff16d44b7bcd6285ca89bd0afab8d541a85d68c6fb,3.15,product,
1f1a71431b7f97815f5e09a435b7a3435a8574dd25481a09d424321d9bc25a97,3.15,product,
0b50d2818b1f6f1f2de8561c81d999b46caa47c6c1f9b67874fd3730de4f0a9a,3.3,product,
8a2883703783e0b1c2a793025448a2869b1bc430db9b6af03de6bff8bca852fd,3.15,product,
a079225d0296948198cc31a75c4d59a15e3478b39cea6ddbd5c3a4e65dfc4199,3.15,product,
c21061f665b8887753dafeefef05b4c01ea2aeaf0abe585dbc6e81bc7e3e43a0,3.3,product,
99d4b08a90549eae99c330aef18a89283d3efd8547500f7f8f274fea98424aad,4.05,product,
ef247913804cfa76759524e6b918a7d2ac15f076807ed8485584414230b8e112,2.4,product,
d8c8e6e68e517bbf0cccf9d55edd24849dfb153a7de21f5b6fa2efba7b0cc3e3,3.3,product,
8fbf003228c91bdafb39c4edc6925a21192a46a1c92df201ff6f4f01dffd63d4,3.15,product,
e752f1799b4d16e0b07c425b78c5f3a6e1b8ce305d12d40a147a4d05e5dc1f67,3.15,product,
b3cdf9da786be62376e4ff05a6c02613acc2c9225101d7ebfb0609043c16074d,2.4,product,
445fe7ec4b80284b33e675fd6407dad5681417a365d1648163c59b33ba10ef5e,4.35,product,
f1d825dc604c4ddc4fa1bf272b8cac86a7e6f7859e1da2bf457f12604d10f3ce,4.35,product,
3e4c81e490f706fe090f4830c2c81a1dd49b10e823d5004cba966fc4258ace98,4.35,product,
c353d84a014d53ac33d7f8fc7f37077cb21b977981612c9128f098803ea92f63,4.35,product,
b0f0c0ce34be6e674426f4835a0d6ab5ce9466b9952617334053eaa6cbeb143a,4.35,product,
3b5aa1e68dc6b00de1237b957c7e480bf8846a5849a0335b30d8392570695379,2.7,product,
8fc7e5917a23a13f25c664a598b04b103089ae8af46b19c974dfdaa06f861ea6,3.3,product,
3bd335cc65c6d0dfb2d269aa4c137bf4e87e7a7e78e5813b31c2f03f42de9450,1.95,product,
c4f886b5955865f5728fe1d34e612d157292e823f3ba8ae64e0fd46ea6160fc1,4.2,product,
3432948511771ae02537fa6aa7d189922294a89e300ff4b9620ffa6838afd04a,4.35,product,
870ae57c2310cf3223811858d6067beb3bd46c0ec303eb893c6fe7ec62b505ac,2.55,product,
d5ade3422a3e3a466bba6318c94e3b7e53edad8cd1e8221d974f27a98b8b1f6b,2.4,product,
d495402341b75f4db2483fd15ba036e121d027295facbed38df187f775338cf8,5.55,product,
a76e11e79de45b44bc18b587720d5f78fcca9cc2ad720b07cd05046efd51111a,1.95,product,
c27159d389e036ad05fac641c760e5633279279ad9ceb90748098a6512280d2a,3.15,product,
94c4f5ec268621bb8c8e6cce803d65820bfbf616404d6bc0962f2c256de06184,3.15,product,
cc44432f93b5807b4a9b979d7580cce892876dc9d4cd20ad48ddb98d9acbcd4b,3.15,product,
77cd71d05211b516bb67fb091846e7d658a4899fad1443271701b83a45a3a11c,3.15,product,
0ca2e2a173085d6e3bda714cc2f6b740e2f6cc3d04c21f45bb738d21fe65399d,3.15,product,
cf93b7392654fddb2bf73259a6966fbfb8ca1013323a83ac3da244da1eb8291c,3.15,product,
752919170e3b391fbbee0ed34763a27f2918e0982232e8f2283e5254f6bf9597,3.15,product,
fd25b28226b7ad0d459b31d37a954c8b51f21d40fa2f1b2a3c45f2a9dda686c0,3.15,product,
d731e0f182d1294c4ed1ba836356364aa0a1058176c31504c5527a3e81467874,3.15,product,
835ee0d42ed461cd4e8f01ab6eabf8e110f6c4092234f222eef18abe0085d0d5,3.15,product,
effbe30f1d76856f06de5d36f95ed0613e5881a99ab62e581ab0cb0450012446,3.15,product,
c5ce630c4b83816af969e17946f39d48784cb8bc68ff7f1500d2a09b3c1400a0,2.55,product,
aa1be6b5722e22852f490eb5d31b054e3a904304b4b892e34e836d1ba50dba99,2.55,product,
a583d5696b63c4e26e910b0c1a0dad2b25c6a99adea71962589a4cc079252bcf,4.35,product,
6ae5693936cfe363ab896ef90d13125efeba2609fb31f1a2c2a8075310325987,4.35,product,
6c7b3613931963ac7c5359c8bb32d4449ec96836d567aaa1ee4254fb33a2791d,4.05,product,
10f3d0186ce8335e189a3e4bbafb75970816b1516f99378cb4a691cb797bad91,4.5,product,
8b01d6ae9b234d8de76325804ccf5134f56a76b41b47ffccc17a9c8825fbe4ad,4.5,product,
001aa66493b03a9f411bd8332c01320306ca4109da4af61eed9473159b4f0073,4.5,product,
2ec083cb1cd476594e37d363d9356dab9113966f4a3c06dcbf64efc4db9770a5,2.4,product,
3fda630f2d7600c4b42de00240b43a8c5ff5f41e1f681f0ca4ea16b5eb746283,2.7,product,
d32f34bc56e5b3ac12de0e34653219987fa58ab461ae196e59473afa0ec77253,2.7,product,
fd629568153ef94d6944c105a573e7a1650df5b9f66cf352b804ddbd5c0f356e,3.15,product,
6491b3368fb5a099faee571508a517272fe92e90d612f682e64d7caaa3073cac,4.5,product,
8086055e4637ffb5bc2959a4e4ebf598e67d53d35f342d3e7af5eb6101b0dca4,4.5,product,
062538ae390168f7c262427e44f8b394468f302e4477ae4aed8d237ace73d67a,4.5,product,
54ea79991925c807cc38a66d00755f579c3781afd985ac7e603d9708ef494d24,2.4,product,
740466e733512bef8adc7ca77fa94deba9a57dcc80063782c2b3f6ecb85ab6ba,3.15,product,
f5af05bd06126e7aaedca04faf4050cacd31014736d7524c5865303153e03e54,3.15,product,
34c7d5529b30ce4f79910bb5ee650619871ffa3ba05f4e87e6969adff685a36e,3.15,product,
c635f2799f50fa63cbc6c616e2a1f9d6280146a7872ffbde2d598166662538e5,3.15,product,
124b48377151ae76cb161df277a1a11a3c37768aef5b79022e8e0b7b01a29122,3.15,product,
5ddbf6a0750ae3cadd9fa7cddd9852a0ad8e71e007326fceb00559a9c0b72c0b,2.25,product,
7a51c3e61fe516f85310a901cad510c086681c1859f5679b7f80e53b0d156ee1,3.75,product,
5303e58f9f9b1739298fb55ae415b6e2103d291c2304e4471f89994ac13c77de,3.75,product,
d7d8948f2fef071d8ec5f3636bbab16ad9ba0f10bd645e808569c1dfb3b8a6cb,2.7,product,
142cb52227758e4a0383d951877ce93829f1a3f2903b23a9602a877942cc869a,1.8,product,
c2b897e54d0ce0bb337f6dc18b98d1e5abca14badd9dabed0d04366a99d3d2ed,3.45,product,
2bfd017a214159d4d1272838ed469e19a7bd2b30cc78b01d0cbc873c746ebda3,3.45,product,
b012d6252e9abdab6cd1917a622c95912e09b09e1df81b24972c169e4127d9bd,3.15,product,
08b5b9e942050f498c68ae2f9fea87869fbe8d91bd83caef919ba2517f30e81b,2.25,product,
8dbb301d67bb5d15e60e0e17168e7ec989c9230abd482ed9dcad48eb13539869,2.25,product,
be40d5956e616d4cf2453fbcfa8244927a9d8f981f416cf8ae2af2a7d1c5af0a,2.1,product,
e14725d58146e00a3253fcf626fca2ef6758e457f5d5482d16aa5e889de0d5de,2.1,product,
c3f7915a543257c9abf180cdbef5f57aab9a16b4db1bdf0ee5434e6313554be1,2.4,product,
f957c3403669cdff40793b8ee75b0e48ae25316c2bf4d9bcb7cd9921555be113,7.5,product,
49fe00240447acc4705234332e0e77fdb4ab0dfec522173906ad3f6708e8fcef,4.35,product,
0f1d79ac9604e3860b7887728191a37438e5576123c2a436474890b28694c250,4.35,product,
060890ef699ae9f74f9869ef802404955ba4dae40f417569dbf045ee466d523b,4.35,product,
41896439331879093f572cd3c06d2ed0f609399fb59050dbdc8a3192c655eda9,4.35,product,
f65916e093d1eb632626f72a1a9b90aa86549824b4b6eef64bc711971c58cf34,4.35,product,
de5da923599c849468b041aea31d2d6e4d8ec336f6d5c27f850195a16bc502bb,4.35,product,
9286d7da112df5df718925ef0d57d7a4c5f68a5216e904b142987d6585cfc7ae,4.35,product,
44ae12b44e8cd1256e575139b93e17df8c5aa69b1db39aee8df910548d39c583,4.35,product,
0180523e07c65cc438f52563986d6ba7ba081f678de663dc680d2a0c9ec06e8b,4.35,product,
2e4b3071940339c5a18de7f874b8df3e0a9815f14e305c1d86b341ec9c52b3f0,4.35,product,
a063245d25138fc49739e404c807c7415b1c2015d20a933eba313fcba5b34870,4.35,product,
8c99826681c8e750f021c78c3ddfe45b3d2a09fec2031257f890bbc7b551a64a,4.35,product,
9a24445941894aba38f6cd052baeaec2423cee38f1a968cbd2a0a967be22c6c1,4.35,product,
82f2d84264255aff425513a8115ba565ebda1ef84f1ee806053968ff1c2905b6,4.35,product,
b0b3690a2ae2b4b1dd0e0d26a9e1a2dee548822ce25743fb421de04b72e13d9e,2.85,product,
25e0838f6fb8b250d8574dc427397747e28f94b1a228a9ab330a727794e9bbb3,2.85,product,
29cfc4ad409f962fb172cb0b4c4f710ba9b9661aaa4f4a75b5a48640f867aad4,2.85,product,
cbcdf7155cff385ac8089c55602de31cc9fa2029775c78808ab43773b8189c17,2.85,product,
ebbbf6da7d371d125b8a7edbbbbe52b9718075c0bd085be2eaf80717c5fef56a,2.85,product,
1b65518886b493e7d658d13fd7a052144bddb66de8898e7e30a610f5c47648a9,2.85,product,
b70555ab505263be9bde4f5d536776c542f2ef8d9447cb0c2ccbe38811f4e7ab,2.85,product,
a33bd2e724bd8f9d894e43145b7dc1c6093348ccbf1e1ed6750e10b7e979c356,4.35,product,
08b8000b38813d7ea2280c1ae109dae0e7acd05f48af1cfedd20ce7d1e4d3552,4.35,product,
147880e66b503ebb52ed166ad83d02ef8d1970685542af5be5a52a9cdfb81634,2.85,product,
a880236b3c5816f48cb410120fe3f977d1f9760dfafe216118afe3ecd4453284,2.85,product,
db2b32f476041868eb2af898d485896086c97cd126357daf1256d0510016caa0,2.85,product,
f75b27ec4e50cc8c5d40fe28e6ac85a8930cf227d49be43e0e24f4001a32630d,2.85,product,
c7bb17d67f82b676107cf18f12c83dc22b303d5a3342ced05af380f054c67eb9,3.3,product,
ed24004a3b28611256c5af25a4c2939fc515f002aabaa84d4b7d14b4bfa87830,4.05,product,
1def09c84ac00c336ed515c2d006419c03d14bf9adc4b9fde687b5846dfe3b4c,4.2,product,
8b4e35c4255cd956e684e571e0d4292e0ed23648f9845366c38fe2d2646f744b,2.85,product,
4440332666224494424ffef07e1505cb7533e7ea34ff2603debc4b7fa7e6b4c6,2.85,product,
00a2a0c69c5358b2f14a0d7ef4bd6b781d64b5ab5efeaa607f90c9a031fb903e,2.85,product,
2abf70939ea64a6a0385f97d9ceeb42f3356c655f6cf3e2029f4fa4a346d24a0,2.85,product,
5172f3259cbb6112a12ea18143cf01cc79efd112c5d0471eab499c09b4d01889,2.85,product,
6d78232881a8e72d5167e2bc32e3c4a1cf19243dba08aa730d04c2d529391b88,2.85,product,
829258c75c4dd2e33649eb0c24f2fffbf448f6c99f6ea0a41bc193aed864c871,2.85,product,
3d8ef4e13bcaa2fffc4978818151e3e3cc457942ed60704bbe8b2f06c5ea8074,2.85,product,
47fe72e725ddda8a8a2e18320a1517bd6d1076e4200975cea22a8878cfe44202,2.85,product,
5011906c3e03888f583fa6baf5c1bc7e85a60f949d0dffdbc9c98222993beff0,2.85,product,
621ee1fc7ba401b548b2689422626298b2f3769dffc35397b34dcc872dd73330,2.85,product,
7cc948493dc616b3e98b7e2539cf4e682d89ba404550214cafc2174bac2fcf5c,2.85,product,
9f91a21186007203a1cfad063f74017ae61bd2af55c322e1c40a17677c71b34d,2.85,product,
8e710154660b9404f77d80668e2262c24e56c48a248c20f9a6c0f0d3590b6dc8,2.85,product,
cd69d0c27be40f4f02d879fc169a2f2e75058bcd7892fbd4fed3d426f40d26a0,2.85,product,
9b54c29d55503b4efa52feda8bfcd485844e4a606e655609c89737c8011f4634,4.35,product,
6458b2d27a597bcac0e6b68124c6c528db6f9c05c2585b3426d91606affcb42c,2.85,product,
c83828b9441757666f1f7f58fda8ebdfffb7e6dcee45f0c1e7be4440927ad67d,4.35,product,
5d74e75744b213aa69c1233c8852607821e1c2b53761e15f31e003480a84d9ef,4.35,product,
2a71e32f310b7c3663c025eb3eda66f1646c794a897418bcf3eacb2eb88596d6,4.35,product,
c990f1e705e0e79a91ab258604210f1991e52b9ee4651d251854b8afdc3ccd02,2.85,product,
f52923fd57c100edffb3f737397d75600a789b5f7519f4c847121ee3f15dbd1f,4.35,product,
b1a604445287bd07c9df630e9b04ee6a152fb1d280eefdd385235c9c10111f72,2.85,product,
f29ad5b670e85120b662673f2251989b15a17b5c62ad188cd573ecabb567299b,2.85,product,
e84c635e7b50e1577c3a83bb01786dd516a845afa4f8464635cc4fa32520f251,2.85,product,
15f1e8f2648393069073967fcff26ea2f76c46f00339aa6da41204d4a8e61c50,2.85,product,
b969457984a2c04e032125f2830e85ad6fb508a5b8caa6e551e4d7a765b73dce,4.35,product,
13d903686645cab2f2977d188efe05dc3b2fdd1890c349987a1229305556f8d6,4.35,product,
75fac5d2732822e229fae7c10c84d5acc44adecc905801c12905641a6e5efd87,4.35,product,
e9b3b6a84c7fc2ed1385ff6d84b49620bc3169dae236cc15f1500142cff53a27,4.35,product,
4b4082602696f25c930920a7f2b2ef8b65312b3a13e3b19aac004c6eee7e1e1f,4.35,product,
5e81b9554240ddd1cb4f96d2397c1853027b2bb5484a5fcaa959d9242a500a83,4.35,product,
f4e7a2304e6c777b202dd188c1de60f58015b15c8dce7c134c03dd94b6fd41e9,4.35,product,
74637277404e4c78a2691c14325cd1bd5a3c35760a0987630910f4fa977df914,3.45,product,
7154b9a64234a4a93cacc76fd17c29a475289e79dafb5436ae9356c544ca12c9,3.3,product,
0314442f4f7e98a68c5b7160451c7f42cb2ca39f6d814ba15948b35b8f33ab68,3.3,product,
02cff25d5022324d758170b71265d45d64c0cfd94c736a9997c4e3165b89dffe,3.15,product,
6ea5b90724c7eb682219e297eca39b78a70c1570db9a946a63b69996fede49f0,3.0,product,
05d2559a4de2176245569a90a59340e1569d5bc5909826e957d23260cebfa6fc,2.4,product,
b09a99128092edfb354c86adff66676119e15b2afb0ac4f3e296243cb59ca2b7,3.3,product,
290685d80ef92ac052df05cf144d9dc6236d5424fdb476244044c677f9a06ea9,4.2,product,
93163833901e80dc08a999ab0f7a2f3123f37bdedc1c29d88293315503070fe2,3.15,product,
0407e2a159c732dcaf6e975743094c1c9a63ad2cfc874bd571b59371cf7c3cf7,2.4,product,
2e4838ad2fceb4384492d2b7b1287eda7d92ca09aafd3d2d532985d85252ec43,3.0,product,
f75b33f3237026c3b2f16d2d2fd92455cd87f434ba990f9f8a0f133a9b5b2b3f,3.3,product,
b79c42736460884a47043b0898bc1c05ddbd3075250844ff7fbd9eb116fda889,3.15,product,
d443661f8ea0f2a74d55ef1830ba2d18fdced2d670cfa4be6efdea4cddd19dea,3.3,product,
c0d5e8f460377e2afb914b13b1a77f3422aea1723bddf78ff6ee22a8e2b7d6d3,3.3,product,
62b2471d5d0db3b70ab85386afc865f04d7b664e10440058d123502729623a66,3.0,product,
5a6870e12e999b680259f7c5e04b0ea3d9768463ad19d8d2d55a89f8e470c364,3.15,product,
8cd1a12b3edc6ce41d7b662447a8f08805a864476736c009db5679b3541ce7b2,3.3,product,
88ce56810291994278414796cb5e77d8d4b4e5f7d02aa348578894db9ccf663d,2.4,product,
2f1588a8116a6ffd139aec15a0d88c49eab4b5a971cca8d0f99736c9b6c9c985,2.4,product,
d963b1ec3311db19ced5e78d03013051256ea21ae936cc9a41bfa74789dc5ae8,1.8,product,
5f3c42451657be7240c2492288185a1319e33c748942689d5b8a5cf435de35bd,1.95,product,
fac539aa6692b26bd51b31534fabec5f662e9485d94a2d8cdcbf11915a40d531,4.05,product,
7980840080c46fde188f8b47646b6d66d039ff98461a54d561c31e936d389612,5.25,product,
7a6739340f51266787fb40d13a833e3325abf3271666514b8fb2469a8b1fc13c,2.85,product,
d910097d48798e7bfa3e9fab63ae061cab56083201f6af0c6ea6a52e46ef0a2f,3.75,product,
704226b18376ccbb3f17462bea1ecd1f42e0bd793afb6c8958a3704611b40d5e,3.6,product,
3e19b4480882789cc9361d082ed4c907d5b77b4eac39d9a0cfc3b9e47532aaeb,2.1,product,
6b5ed461613ecc31819a95737fa0866aba2961c538d5e6dc654dcf72046be0ec,2.1,product,
db0a946e05680b900932d533d6819ebd7075fa08cb6024b27e99d7417970ae43,3.6,product,
e0cf144c1344e440946d91c048efd14602802a1dd433f5de65e23cfcdb816e4e,3.6,product,
e524e2eb35cf9ccb7c249e75af6ca4af19c38c5f9a92c021b4fb77d135da5dc2,3.6,product,
1655a6bc8748d548678d802a97b4e9b929bffd99b95c257d8f0558aeb81753d6,3.6,product,
31c368976cb26a152d232c6419a14d759dd75ddc60fd9cff3ae7914ef07997f7,3.75,product,
641a26fd88f7253ae9b0675030f77252f16bd7c9fa852e385f285afeae56232b,3.6,product,
56f537bc88ea3ea7b6ca6773262c4c17f404390b8f473e923b21755a70db2068,3.6,product,
53c328991aebf17b293067f5a0ca8f019f965b9bb5a39c44e01e338a6f2eca95,4.05,product,
1d1eb02346e624cd307659c16a86c46285da2d0855afc96e843eb72d6044150c,4.2,product,
a2dd05498fadb9ec8859608519c432b61c46e0b8f047a04cd81e8277278104eb,1.95,product,
e7e71870367dbdfacd9579317f53811542e1fd54ec93407b5feb98c275e3893f,1.8,product,
e8af76f107bb7e9402ea666a1c85313ce9ed84a39e52cf7dcc43a728b5ec43ef,1.8,product,
f96210061b22baddb64b69ed3728f907538a8ac5990538c1730999dad7e67c9f,2.1,product,
d69ba7a515bb9fc39b63d11a628f4c2c31e4e8eaaecb48dbc8618321f78ad091,6.15,product,
eb41b21500da0c87ad351175eb52b4c7e1d90b97c63cf39d7e2c27bda105fbe5,5.85,product,
ebf408929e0a14a12a866ca878ef27889d91a982e88fb6340b4f103a38a9bda3,6.3,product,
b89ec2e83aa693df5c2a6e45ee702a5f82685f7e7d7eb7b59e0a5f462e21a55d,5.85,product,
066726c700156648387193a335073edc2cee59f200d44aee794568b1cf6ec388,3.3,product,
0a7247177e95a7f658a9f354270c4e8f8fb52ed9252fc6e4b32b167262d51bb5,3.3,product,
5b62a30f1d4dd500a51572e3a1ccbba1ec528bb396ed1c8784c6da1223d4f798,3.3,product,
de940286765c756debd72e7a18f6a6808ebd7a12c5f6c9b340a1c134ad77b00c,3.3,product,
6b99643719f73068ee338e9e8a4eb5a018f5d436df95605c7c17508b836934ab,3.3,product,
4b7017259fd651f396527f9a0e7be00709a882639c1a550d3e26914a599238f8,3.3,product,
b262e8029ada036defab06e7913c025165c2b308a721c11374c686a513adc1e5,3.3,product,
3ced82be7819c35966602c063bd21fba23912f267ac044018c445139543231b0,4.05,product,
8f9791824d4fca4738979388836914e981560a744ce4677d8fcf460a929b81d1,4.05,product,
11aac07a036d70da1d9cc485767d7e2a74dd52f214f460e55a52ff23d8456523,3.6,product,
791b45cd192be57debadc7d16f97d9d65ecaa77003acf7525abdc9f2e2303ced,3.6,product,
e70e394f40937d3083431c52238bb37356af251b4ceb1369f81c415408e2025a,3.6,product,
cab2b53071249ccd6c4d655de3fd223c1b0a835de30c73f7c80b44c43b95cec0,3.6,product,
38fa21706caf47391fce15ce3421a4cfe35d8b6453c99082f932efa3c4012bc9,3.6,product,
956039cf037c487a0b91a3f12ed47420e4362a88c1874011bf6841582a752215,3.6,product,
a147999f6b088447b06a8cafadb3344cdc98eade8b2f9d47b74857d79cb816d6,3.6,product,
83f620a37d7614d179070db0cf09248469837f1a1e87c5c2ccca886f895d7401,3.6,product,
633b723636dfdab17630f0879660c9b50dd1183bac7ce9c69a946d73eb20f813,3.6,product,
f5cd56576482f569ef9582f8f2f11b9749768edd6f0b50e9826e954a3d091eae,3.6,product,
6cdc76a990d888c0ef8cf983acfabd919440848813ad95382ecbeefbdfe30f7e,3.6,product,
2b9b85b047199a5429a2f24780c0a3ff4f594a0338ff0f59ff3d32a97112f3b5,3.6,product,
a85965ed9977dcdc997fab3b2db3bdba0480276deca4ec4b377669fcd1b16946,3.6,product,
81fc98fd4d323fcc1c81021aa4d4dd908210af3ae7fc37d29f4b63959c9495a4,3.6,product,
de56366654703b5220c000804a986e8cd15ae4fd3a80cf6c146ce4e8430237eb,3.6,product,
2c81e4a303c1b825ba13afeb1b6b87d3f0849ea2911ae15c28d175d59b7e6643,3.6,product,
8a3c35ff1caf453508eae2f6094b8ffbf62bae865f952d758bef3bcc47311568,3.6,product,
46f2114b3779f899924363f05e9eb852d4042de25e73f9b4092631b895459ce7,3.6,product,
6eb5020f0b0a0030385b2106efce4557151910283bacb172574d87b31802a8d5,3.6,product,
433242407c0b711744fa3ba6250ecb0d188f807867555f4c95b821f7a10e69a7,3.6,product,
e3e0a272373aac7f12533e1e388d92485f7a24eea144cb55b3c8545ccb7bec09,1.95,product,
e31ae4cd6e602501e9003dd0c414de3a6fd46b63fd11a7288b3659f8e4c2f992,2.55,product,
9caf314121fe23602fc6ed43a9d269530969a85bd770ae2f4cb88d8c69abf1f3,2.55,product,
c5c108c24fdbc73d77fceded4834aaaef4bde5247a55da60778fab60bab72cf9,2.55,product,
ea1eb7c47c97c5bdef2c53612c3770b707b971741d1ca3f9fb8e3ee1aa3bceca,2.55,product,
6b1f45f26df2b349e85e2f5f255b972638800a27517124a963f9f4cde3e3d55e,2.55,product,
5dce98bf41a670c0cc84baab10b6c9c516b03d0bda8f7b6d094ae18e0899f0b4,2.55,product,
a015236670b3815682d7487a6c22e28c43855ff0a69df550923f07db737d601f,2.55,product,
6339d55162edf13f596df4e95930e2aeb2dc97ab82aa1dfd2c80afc8c23a4aa1,2.55,product,
8190a808020da3e694f8c755ee45683b49bdd89e99c11e5fccb13069c8d4a9ec,2.55,product,
3b2f99bd9896dcb649908d6f2daf68caa38ae681defdea478f6a86f66ad01bf3,2.55,product,
ab6271f22f6fb3fb013522e64c3f3e325da43010abaf4980105b1161a3ce43ec,2.55,product,
12b5b9aa0f52c324f11b5e9f8d1f9ee4b2cd6334ed1beda8ae1caffd6cc5a8fa,2.55,product,
08ef31b85e9f67a5c50c84004385251920b2797265ec242d4ad89d2c4f24f9f7,2.55,product,
be4ef5db2cbf7a4abb9bc13f999e0037e8cf2c2651387407fe4402ccdc17d6bc,2.55,product,
97d5a8a94ca2f04dfa703c4ad4b98e29c5746b67cc0b54025ef67d83ffa2e3cd,2.55,product,
3287a499782f47a9e538316553f59f3226f5e40c98cf27f2cde1ee94a2b8d6b3,2.55,product,
606759c480aabc2631bde0dab36fe272796ee1167559d89eec471e277f0bf8ad,2.55,product,
53942779912e530085f49f17b0562feb86284a499047f9a22bd7d2b8ee05b761,2.55,product,
ab2645fc1d44dee771c5faf7e1339e5dc8ae1aa80ec0b0b5887536860d5c96c4,2.55,product,
2df0b3e909652a50fddc72101fa48e0259a0450da53517dbba0929d275b053a2,2.55,product,
b8cd731933246bc68411c39cc54a40fb511163f75ff1ada62bb2618a542c9a44,2.55,product,
cfb64965722a975417a37687ae0f41686285c54c0a3aacd1a38bfe4f5f2bcf77,2.55,product,
19af49e3018c26751f4a7a3c07f67089b17cdecd736016dafa389af33dffbe54,2.55,product,
a102d0a38f51b5c7bd743f44b2ff5545bbfb19617b3c721e96e5f5f03d2af2d1,2.55,product,
9c01872b6f5ddfd98598237e3ed154e8262952c2b36263035361ca957ae014fd,2.25,product,
779351d63c55488aa04cd965125ac63e6add88e3b033b22218fab1e3f6a94bdb,3.6,product,
dccc619c7e133b6c48c535121132a79babf07969d27dfaea8b844514aa636eab,1.65,product,
6939f5708be5d15f2df363ddc95524063cc7356eb80c697c566e7344bc73056a,2.1,product,
4b8410f278c1747cefcc901a945901356e1685347b5adfd12e9b5e3e8545e639,2.1,product,
24a634812ab1c1bec5f5215d6c0e1a6024cddbb76a9272ecfaf2df38f8861d0f,2.85,product,
ae9c86321014c3d4cc70df502b3d29090788055e85f6ac3abb75e4e73a8e2acd,2.55,product,
7d23a7d107749fccef5a9750acad15060800fc08d74c2fafbdd839f4e29bd1e8,2.7,product,
6454276b5b93ea0884bb40ddb3ef77a0e51a9222d285ae67e1a97ef6d4a3655a,2.55,product,
b500c3b114fd61edac0b39445f6a2c8cbd7d6d5dd418a893c86178e12583dd74,2.55,product,
9e74a5066a243ff0818f62ef33ae8ee68756ab77c0a0d35aed695d1856caf4b7,2.55,product,
470ed1272da63c7f8dca725c911da9ce4a9aa8c2e325289a648dfd19875c8e88,2.55,product,
57ee003109e17b132ce291c904d4c26be6a7d7ffb3bb316b764b04f59a8f87dd,2.55,product,
6afa37572c877e81ccc8a481d3eab33695222a71ae9e16030da842a4b3051327,2.7,product,
4291743d941911b3bfff106d74680ae475398ad5ebf1d40d67aedb1de088d3f0,2.7,product,
a59aa5467a6a7a774b01f213391fbe666dbc204ee1be214b5ef0235ce4ff01bc,2.7,product,
f0b9d1fd4f8a8c5366b6c8cab674504b35f97425be38c697546e2616a9e2ed56,2.55,product,
67dde609236c7e74b00ce2a3b83c0c05be1493a19d24a6c7f3cc2ef095a746b8,2.7,product,
f0373434028c738c37ee9de59c63fa7c5b310f76a891e260592c90dff1c22e96,2.7,product,
7537450b000be89af27a8ad4384ea9c1369c2b434011fcb532940a394c399be5,2.7,product,
7501319f6adff3ee493a6d581f591d6d7dd1b213e5170db301ad8c88a136df9f,2.7,product,
458f74191a1004e83b4210b2a1e7ec69f6e9886a415b148396e89bc66fb93c84,2.7,product,
ef1ab8fe5d51c22cd0d7d8d68ff2fd3ef5a086bc5ce7772eba7f75039462dc11,2.7,product,
aa0d213681e49d8d045445af1a67b2c910e8c0ee96f2aa1b1faaa176b226c6e2,1.95,product,
d130a76d0b1a9d11b4d656483746b0ff0987ca229cdc6a2a57b7a53980f64a09,3.0,product,
6a0ca376716612995b9dc010554babaaa71e1f7697624141299d8ff7fa864b19,3.0,product,
bf4fc7224eb34d005beb0f75d46addae9294f9d85691f534941ee1a65ff12205,2.85,product,
23b1736f85ab291b087f87f99185c87f03fbe9b61f5a1852d3441b0ed3951d7a,2.7,product,
c8fa58c62df8fca3f13c38f1456116253910f72aff4c4fa49850a5e638a06b6c,2.7,product,
3904767f59ea3633329f6f1f5e355d50e0993ae63b02797ca9f17a8d2e708332,2.7,product,
058f80a4495db2aa7c84b1bc4005911e74abdb11daad7524f1518221f5d49aab,4.65,product,
6c70b0c8560cdaad83fd4d6fb949d0901e8b303c062830d45573aa121ba32a30,4.65,product,
123668bd9daa436d29a0a4aedf20fbd35c054e74819f52581e0c763bdb7a92bb,2.85,product,
6340171a6dbbfe53bf240649ecd02f9c81137abf79ca6a1697b159c12eba55be,2.7,product,
0a85f15f035a8fdf5d5e38d292c54222e82bbb488ebc69c65725024ccf356cc1,2.7,product,
820664988c6a97f8bc71d63d5824a680eaec55b2e9ebb08b5787a370a6e85f78,2.55,product,
042833876852857a343aaf271091ffa62e8cc7aabfbd96927cd8eca0b857235a,2.55,product,
5e6b591a9ecc19921a2280ac6e31466b23430581b87341ebbcc5d548a5cdae15,2.55,product,
c934b2dd284324e69e3c3d68f29b470ff1e5f4975ba0b56e9cec0cf0766979ed,2.55,product,
e37715c497797542854e72e6d7e32b8f3ab08b4d0d424dd64a34b60daceea735,4.2,product,
e1e5627948476f1c1fea3a30c6228f88fa75ae73cbc736ba13c7943b84dffae6,3.75,product,
6e7301133f22c61c8cb32e8807affbc04ae7d98aef60c8fcca9555bede6ee08a,4.2,product,
2ce927058948621c1e6ab9cc737aee40d68f886f5859f0822d93ecdce98c466b,3.0,product,
46b388b265399c91f17a57abbef752b31f5f610ab57c75a933b310f20891d06f,2.7,product,
ea63d2e52e23f936ea7c55a6298ad61f233e7d098e574f449cfc26cfb7ce23f8,2.7,product,
6c9c994d8169b97c8d374e6f4e7e2554b16d5ec0834f786798509dd16a8d6288,2.7,product,
a69961408eb4e5cbd93159f7eaa806727016a45cf258c102404012774c6ab12d,2.85,product,
ef2ab2453ff2b5226a5a72de3b3501a453cfd394ccec31bf2b38a06a0724e6dd,2.7,product,
654196dd47eb51f9228fb954dfa04acc71a4550a58a04dbb0f9e0fad47ab7da6,3.3,product,
31cf80485ac9d24a019c39a47cd29530f95f6b593a1369611e024619fbfd132d,3.3,product,
f552856a755d94fcd98d15abdc09fc967a49dc4d4a72777291198f1e03d44741,3.3,product,
8937a75676e5787c6f0c531c5525ea775edb8e057e7eb46ad6d645585e114072,3.3,product,
397d694085d8f50d02bfaa1f1f7e491b221f114f6bf46fbbc50f176985a9873c,3.3,product,
4887b5866fbb3d2896cd31a59b148e0ec649de5241147218624934d2d8aafcb9,3.3,product,
b9d940758fd7557328f6789a1d0118426f445bc98f8eb5d6b5ae788caaf45d54,1.65,product,
f5e082ef98e8568e3dfbb082844f8f117281e952736d4eb7a330d1f012bf0ae1,4.05,product,
6c4071926bcc3f6f7ca85efb1cdafbd17cd52df8e333fd4c666612d952e08fd1,2.55,product,
b30d60d751534e50af48659c85abf997fe733da5284fc1d0dab13fc273050d4c,4.5,product,
9b80a6803d8065fdc2b21cddbad9d5a55f91bf5fccbba3c4f12edccba0e3ed10,4.05,product,
9f2d15e6679c59eb7dd38e7e4e7d8dd52b26bd484734e517f6aa155e08141814,4.35,product,
6ee2988e042342f4bfcf1a5f3a07dda6eb735a94e7ae6f5dba9bdcb8dc371023,4.5,product,
44e8a4f601d2b268f978fbc720ca1a5c33e1588eee9f6c181e0ea60aa849de50,4.05,product,
404162368d1b1f7a72b091069ebc8be03e160aa1318945d0109e2894a46b8ef5,4.05,product,
f8ff722259d2e5b96152d79b3b4932c39bff2221534322f1b3014403d6c68971,4.35,product,
1f3d687a46a54a6bc9b7f624d3c08d6ce27e2bc3ad2a5e9c7f1560bbde35384f,4.5,product,
c6cf67c2889c324786d522dbbe46df0468725f1718b39c11ff9eec10d83117eb,4.05,product,
e78c81d73ffb384a053c7428015cd7c9057629372dd81019817df3e70b76a276,4.05,product,
65bcc1bb90e2f58e1cbc5e818384bd655da2e125980cda70e724078b7a5d01bb,4.05,product,
08a23144965ae71fcef50294c09fb21451acf3dd5d8f5dc5f222135b65285777,4.05,product,
c4b1886f552ce403b1828f42b6eb21e0a3c3657e9aad80946f23aeaa69ab75b5,4.05,product,
d88b825e3faf7269bac4000861cb61e87b35faf60f792ed8197b49c4b34e869a,4.05,product,
99e0333926c3eebd198d35e1ed4b0c5d8eb2867cc47b622d9da1d10b42212c62,2.1,product,
781e0983392e5cec850d91c7234dc6e5dd69e58848e6f341f11c0107f2eb4b28,2.1,product,
9e535304858c1b0804c21b8a4cb879e3efe1a4ccecbe55324d31f53d8bd792ec,3.9,product,
2e49d8c9781eab91c7b291b275f88dfe830338ed74a76e32c048e7b39d0ffb44,3.3,product,
8a4e59663ddc37c62d9b59775843003075edce52ed5c56d6591d7b3e986b2a45,3.3,product,
ba5816879129fd5d85b9a715b10db2c2b3ae6c3626c2e650b24d4afd4ffc393e,3.3,product,
c82419373b4ed8aaabd460e1ccb72c1ca52219202236a49daa2422f11e51ba8c,3.3,product,
8fdb63e292b47e9b5badd83ac67652bff5779c52d5bee04302f390ba018713c9,3.3,product,
337a997507c38210f7609c864385ef3f96cf905ef766e494b495ea3adfbb78e9,3.3,product,
32ccc68d4cbd07725dac195337908ab5cc4d8a8cba60a6b69aae714cf6bccbe2,3.3,product,
86c872a6145f10ce6924ba9a352b22854c778e6005f1b2b86b8855adf79fddea,3.3,product,
00e8f8bf0769a0651e21be20c50abbfe32bda577115deb4e4009a0ea96efefd2,3.3,product,
e0bfe1af3407d43c3853ed26842378e750a8b3fd0ff7e594731daeb4a25b6181,3.3,product,
869c518d85e86e1654221eb1bf5f37612ea08300208524f25254c5dea92ff188,2.1,product,
3fd558b16bcfcc02e1b0650e85d66028e10fac7455066b933c4d474d7a066a4d,2.25,product,
a9fa97b73d1160a0b47854e05fea8041e7cf24caeb678433cc8f2d424afa45e9,1.95,product,
4c06c3b896572ce04cef651baad5293aa187a466a1e5b62707c47a685e4d3ede,1.95,product,
085f644660109e4b87c6900f59ecdcb9fbca1666ba875aec4288233b600c109f,1.95,product,
9c43529e325e5352678d3ff8ecfb02976436deff18c8a4e94065c69718be06be,2.7,product,
c3c642613b619d10a2080fd225f84176549375b9c65d715f8ce78804d27cfd0d,1.95,product,
130b9032782318c5ebcf2fdcf60d2db122c5a29cfe1bc8d3a676d2e804d4c69c,2.85,product,
69710097736859fb89b5267c51ddceae5a072a608c2a7ba1c746e285b5e4161d,1.95,product,
73f635a434c5332d40698241ea21f04f37ed7c4b86679b35eedd3da464d4fd67,1.95,product,
574a46de38ecec6b60713c65a9694585cfab42e879822338b00ee05f7c034633,1.95,product,
349d978e426f0d5891b760180a513e983cd43fb33acae7b3191793209344ebf8,2.7,product,
cb73f7d878c306cbaf29f468a16f13480d6d384fe5214de59a1441301cdd9286,2.25,product,
728305140e16832ab5609b58475022fb52e2ec481ccf9bfe76d7e86f0b5f9c78,2.7,product,
e5e917b946fc7415ae0888a0da29e9ae7b1d8a6042c742c8a0079c6e0d284d20,2.25,product,
996be2d184e084d476b6adf62d44fe6a9f84abff3a68fa71f1469c04bfba2fe9,2.25,product,
08bd84b62d2f6b3a990151d64f0b649420e6912248e2e2aa94617a367be70d2a,2.25,product,
890cb26563ae468b623eb3a72b8bfba2c3d465ef366046f1ffe7e88419668e7c,2.25,product,
9ac6b2178029ff40d9a221d467ecd6c4aa930bc72e02d14ef1a81dfc2c0f9466,2.25,product,
dc2e62b876b8284b4913fd351640db1779eaa4c947a31e2c6461969cd79c07a2,2.25,product,
30ee16175f2c4ce87784cf4601eb198ddac119e41d70d971df22e6d67dd9f1d4,2.25,product,
ce6b669647ba0a068a60bc1240fb5c55b30f1169f2f78dfdfc562c0e573868f6,2.1,product,
cd73924181933d11422cd9a6b8425e9e7ac261cbec8c77b71955afffd3d1ba28,2.1,product,
9f00198780a072365d141177ff2e29fffad817e243b9369f8ecb360104c522a7,2.1,product,
9998976b84aa20670a9b6cb44977dcc7e029e468321b48ec4d95180ada170b9d,3.45,product,
fd0ec0eb0ad9b001400db46d5913179d57b31a9bd8b351a49bea7dbda8f19e61,3.45,product,
25f5490c490bd0c39d4cc9a0d27b33c11ec8cad7553f1eccb61fe609e7f54617,3.45,product,
cff0b9c755c63b4eece02a6ce20eab98c1d2df432e2d456f9503bc50383ceb0b,3.45,product,
a28c814b78c7070fad37cbca1ebbe74001ccc5b614d4dc93289dd81da3015ed8,2.7,product,
c25472e522ebaf141eebb2a0c34f976e981633eefb05e7b89c362e5e124f659b,3.45,product,
4c03729646e6ab502d2af4ad5d7c5e8e23a06a24a8ce967901f74bd5f34828b9,3.45,product,
5dd438b291b079a912f133a1471a42b30356a752f80502dce28bc01090ea725e,3.45,product,
7b6e134f00f541aec8d87e2c7b5a604f5ebd1ce9fe28b38f8005c71ebb1ec558,2.1,product,
af2da4da2ec7c0149ade4a4d24bb4c1d43d21eff1d0830006a9bf013f30c72bd,1.8,product,
b70fa0fb18acc4fd47b80f8a9f14491ef2120f9ef545d2229d534a3f9650f41b,2.1,product,
540557184541771c76585f7b7e8c602a13f1388ba1091317e1e2da37fdfcc984,2.1,product,
7c4452248363755465001421dcfd554c95c6b7c7f6d7276ef4898e28a30bc4f3,1.8,product,
b13496fe0b60a400c90f8d1cf7b4fe2c24c0ac6da423fa31db8a10572d12af50,1.8,product,
c3f8818338c51718f2f3ca8e1b08da95ef95dc8214f12892107312d076dbb24e,3.3,product,
9d02b5cb3573a637a77ddc787a576852150ef4b0c477793dc426fdcbe5915efa,3.3,product,
957ff059700f6c81cbd52f313b2251a6c187eff283ab44440f0aef1ac42e44ee,3.3,product,
4da9817c0668a8fb368f3c1ac7d012e7770a8695eec3dc3b67ce642fd0df8e71,3.3,product,
6d0230c624354712eb9239485b0925d05a9441aa98251b7efb3c2b7241649851,3.3,product,
e079c53e79a492725de2dc2e2a4431c6dc3cdcd88d65a625a4cc9e5a5678d9d1,3.3,product,
34e6e5a59578875639038fbb77c94c839ba7f7528b3203b23ab18b88b4854a33,3.3,product,
afde44466518c72cbf972b42fd743f4afe14a9c71064d68c2d1f3c551d426eb8,3.3,product,
4c0d594696c8d6b2e10f99f78daeeefa67bcf8f4c25febd41fe6751467739d6a,3.3,product,
51f340336cb10f2a301105ee4d29791dd4e3dc2567dab72e4f7826bac6710dc5,3.3,product,
178d99cc05af2b65a26a8ac065077064446c9d53de05720657ea9230774c40ac,3.3,product,
9eb6367f904662c77021c96f4d63d48f470c4f08639ba373fe02a04a1ddf25a7,3.3,product,
980be5e3038e5d482dbf8dd2c076116fd8773e1590f81aabd5e8b3bc4e5d1fa5,3.3,product,
8488d106644b60e737917411836424a7550a3c3463bebbfab1a092a3239b669a,3.3,product,
ff64626659f99ff56821bf1dc6e7d023bdb016a5093543d83fad19902e5b5c3d,3.3,product,
6bbc61728a56a0fa9d57ae9b683a5e417aa531e8407f8e1b7eca7d3f70114253,3.3,product,
6f9ee89d6c0b490cc1e193e6f4713f2afac84fe5b32ed980677bdbabb787cb0a,3.3,product,
02e305f4680f8395bc79b3510f7178e5c216680bb246e029025867ff53861b35,3.3,product,
1728468b98c4e58dd66c276fdc986ad4488e2bcf0402e374b3c15664eff73c25,3.3,product,
8b2f825c259d2ed7409bc5659b9d9893993201abcb23aaf520b8cee8b8bce4ec,3.3,product,
05cec19c14c183eca12ff2b164651a298c5fed88a2a67e87a966eb44b5e3c21d,3.3,product,
62b3f56d718ee12750d5558cf0227b27d962073f7ef7469ecc348d8455664265,2.25,product,
eadd43990b56959ab6eb4a5264253631cc8762cdedebd8daafb4295d60d2f8ba,3.3,product,
58ecc4845ba0169948b58c3278de4546e26f341beea29d94e1884480d4e6370d,3.3,product,
20caf3501465ec675edfc280ac1775d5f4e872bb22aaf5eb9d34e440d84ef947,3.3,product,
569f70bc140a0f77f71529926e6e6c4b5f23d4038b1ff237e8f010ab07bba4da,3.3,product,
b61fe7b529ab93343b792b83069e39433c66bb97176908b66e5e5ec15f3457f2,3.3,product,
c590961906bf84e2b9279ea6a63002705408b934c0bd5dbe84f0f1b1596c937d,3.3,product,
3ece83769cf68b0d95685aa7d43a6bb2133a918e024ca51bc9aa4ba6abc50bc6,3.3,product,
db41b0fd04f9d21b29cd8d370cb6ddf6c0353b3144232a51a9311f1a7ae69d8d,3.3,product,
fd81d4eb3b5776246c8e5d13deacdc53c1cf034e8f3aebeee73504fc01461717,3.3,product,
68f4514a233539e17d06024f2177e74162e0a8a02c1afc20174b97498aeeb790,3.3,product,
c3aaf5b05d56b68b522bf6161633c43fd6b8274fd0ec1da5c0603d889fec0a31,3.3,product,
081ed6a648329bd9c428a9c200d4f3db3da515647ef5f4f4949cd7f6694b4a59,3.3,product,
57d300249cbbe9ce6edec3a54f2ae876e176b6180b92dd9230d5a0b98bab786e,3.3,product,
d6d7285976dc01510a4851a6ca6ff958e7e73d5e3be51d9d1b6f43828a6ec3b1,3.3,product,
1a3378938fbc6c544468e801d5e55b909da0e6d4041ced23151fba283f2ec597,3.3,product,
5548073a2c750e992b66c1a1993294635f7befa50d431cbb7e638c4447c92ca2,3.3,product,
ea51983f06a1cd6dc61f4d5d6a6d2951aa6591d2e8d579275186a263b64601ea,3.3,product,
0aa774696949bd8ffff5e1b6f0186698c19e328b44b4422cfd5382a92f7ff0b4,3.3,product,
30555454120a89b51f8c64d4d85a896c15655c2d88af513cbd8658463abeaca0,2.85,product,
fccac3188d1e3f347b78b36f9ea6f9f412f0a65f17831b598743755b72c00968,1.8,product,
693735755fab060a074d7650b06dc15bc2e51d684757f9724036e803f1df7acb,3.9,product,
9a329967011faa855ff9b89acc4379154af394a74021c4adf29ea37abed1bfaf,3.9,product,
91aef57f874d971ed25c5291bdd627baa751405055f7642a44f97a68c2776fd5,3.9,product,
fb41439759896f3690d318e453a7b0e9f81259b8691db3f1421cf41ab9296bdc,3.9,product,
f55d03913b1d1aec5cb4fed1e3e811d2b847158008dcd13a0869db2a0f0570b3,3.9,product,
0c0572d95260b0caaac27eacdc954233335077920342c34ef7b0eaecbda58efc,3.9,product,
a2f6f49b3ffad733ef9c09b62e6afefd391996bc99ba2d404d9fe1e2299f3f42,3.15,product,
bd90a9ba2e2fba7606826d11cd8965642d3f49ed7b89d7b2b2175f9d22a8a61d,3.15,product,
7e49067926e67afebd68c3d03b2cb750a99a0362fd6269f804359575de7bed4f,3.0,product,
8a4f31ec6b5b05c11f1de0b8666668d1b63719c56f9b3ce9af87973e811e6fd4,3.15,product,
8ee2546a2a73e5fd37390a26142747cecd97811be361b501ba2791df69f4e453,4.35,product,
d03297035b367a5c313335d3965dec51594aeea0ad2dc22e1e24fd22edd03698,4.05,product,
7e6379a0822ed85c9f3d583e0554784f69b89312f36b9f17a2baac7ca7bb9a1d,2.1,product,
7a4f239c3d9a0874be1d9b2435b060853637ee37eb59dbf0c3f5935ba36b05e7,4.2,product,
2e28655c760347f8ded3bd743afd498045bd64c109dca6617172fe56bf30e711,1.8,product,
0e7325e940bdeb639cf2547e24b384b771ce77ea8ab958f585998e7410484636,2.1,product,
884bc03e87a7c2f3a99b2e2d2419daaad12e5acfbe4794a09cd86b0457247061,2.1,product,
910121ff852e2897d3118211fdedd4e754a64ff8f777269916156182628b41c6,1.8,product,
62ad129e2301accbc166c6d7f2724aaa6473adc269a147793493f8d54433885a,2.1,product,
d376015e3bfae033775f587ec3089ae21e5497118985613a893b4d76d73519cc,1.8,product,
c9204113013de9fcca6ff8b56377251611a4e00ad85220d822d854937b2a3cbc,1.8,product,
8759d70e148dba2cd46d0173185a61373387b7db7d60f2ec01c013641cd444f8,2.1,product,
2aac267a11a46ff2613d34a20b8080d21c54942d38a5355f50aa24be7845b2fc,3.45,product,
b06b261f06b856bc2b87ed1bf723b018b9e34e9ace0f5dee12021bf8637ac41b,3.15,product,
7010c22889a9c68c77d8227bf0fd5c3543053bb767c91aa7570ed00fe876a2bd,6.3,product,
7bc07164036a0c38208f7ada4b798fe7630017d56208084cb7c0ed1ef0e89e96,3.45,product,
31e0f0781aa2171ab4d39b6ee6d58f90b2ea5dae54a0ed25a076468ce5d2a97d,8.25,product,
d6f9c43062da5636c0c0bfe66f7bdf431781dd2e53dc812f87e9b59e3ecd91d7,8.25,product,
ae80c9118cc6ebb2741ddf40b874979c4a9dfaeffe7ebc49cc0b2fb0dfc2be5f,8.25,product,
768269c30eb97dee9bf1d4611681950070489537ea78a44c52bfe208ffd47170,3.6,product,
979d883c9db0cc08480536d07ba2e44a0e660c23d1e513041bf0078f4c100cc9,3.75,product,
6b40139610b5aa38f7ca1a9d58e3007eeae9dc467f1df0c3b79406020fb35872,7.2,product,
7e76269d45b238f78ad1c6692a000a957c8e9caa03d08334d943cc3c9c8c229c,3.75,product,
93cc23b74b3baa4da1eee7bb6bec59cfb186b3822ba3ba8cb0fb2b305e21dcb5,3.45,product,
a7c386491c1df819f97dd66c5f4ac3d6234d1c2d9d0b46d4411d6ba482fec590,7.95,product,
c24309df4b368ca2b5d7fe7f8ab3730d8140af50a1525f17262826e3f0b24b6c,3.45,product,
07f0096d566b5cafb2c5651db1aa837657e4a2cbd800db24807337a40aff4f22,3.45,product,
f18811fb3e221239147d011c85237457ed89d15d2861b694acc6767d08dcc72b,4.65,product,
59bc95f51585d1f07542457c6c94b53e3d2aed91ff359432ae1bb1c84ff34b49,3.3,product,
5873724a4db3d9b113f9e175e7f3829739243cadf5dd39e7ca2c24835403742a,9.0,product,
66b6654243daacce8c28809317b80df6a420d2b686d4899f468e1388be5c6598,9.0,product,
901bb1643fa59ab0f161a1d7be3bcf9e3f4089b1fb7c181560bfde869a7abc62,9.15,product,
ca57b62f30f86f48be175eb70f911dbbf7ba1c43a41bda8c6955039aaad33ebb,9.3,product,
df610073807a5d320a61b8370d39a7caed7c3b0678da4994ad2d0e893e630d11,9.3,product,
a5eee67e1dacc9003d0a3d73a5d53f4cc1e3a6e3bdc3055a7455ef9f6a6b0ca2,9.3,product,
daad78d942a7017e58445cbe1edc455cc8aaf3935e210c1aada57f8878c6bbc3,9.15,product,
f5da51c038e6b83e6a8b015a98bc47bab6eb338e251452a05e67d6e9841f437a,9.15,product,
3261271c7fd8eabb281b29940aa72310b9c779e49f931c992f21c098de6f5e77,9.3,product,
7828f2fa2d22404f58828ec10215ccc00fc9fd04d0844adb202ae44c9dae1f12,1.8,product,
4e80c5cc122b04a8ab0f65b8a26b78a9a9b25cb8bc10f4445d7cdf00af94274c,6.6,product,
34b87618891677e6bc0c95333e94bfff1269f3ec1b33abceae7efdbfd2f7f219,6.6,product,
84a1f79e2c834ae4491f94ca20e1f2acd5b730aa76aba6e8c3d11d5d5cf4ea59,6.6,product,
99d486236de063cc8f5dce4cb78f968ade1feb9dbd13bae1b89565c91ef9f699,2.85,product,
bcfa52aa64ced8ac668693387a5be827ab76e8cf0a47e8778847a7e896baf357,2.85,product,
f9ce79644afd2f6e38e50ee2cfc29ed5d19f91816d07605ec8c7f1aaf828267d,2.85,product,
e91bc3ad68500f79c5202100cf653df08dd150017ca30a45b0b0dae40f47d8be,7.5,product,
020df2eb128eccda04f81d885c9f7955c2905b586bb199a561fc345318864b1c,2.85,product,
63e746f792b8a00b2992d09219de41b5258a5220bac686e143c706e6b2f47cfd,7.5,product,
c355a4861bd214ee6c5b4dc9d1018503ef2404f95d783829bdce77fb6b80e645,7.5,product,
2ce5d11a3863a2a35851455cd84bf3c3abebece77df731abacf2830a2fd641bb,7.35,product,
5dfed50658ab29af0c75f4e00d9e08657d8f9c5a78cc546bc7c6125ece49054c,7.35,product,
a0e9f5581c4e7044e66494398383ac6782cbf56ab23effe2c1e2020624978ff0,7.8,product,
04ec081a418f5806686dff935dff5ff33d8588b586f89a7439269eb894527254,7.65,product,
c096f015738211891aa52c83919042b6f3539459c2ea4c2dcbbd936aae87ac4b,7.35,product,
a02da06308726908389060452901f87f0a1640ae36bbb76abf381be0036b601c,6.6,product,
90d392b284da6afce8eb1d67771d354a18bd3130957cacd5b19052416849122e,1.8,product,
6668f74285c4981eb390214de6c1812d8f998899acab688fe5ab2c5d322d6a77,7.65,product,
9f3f999f68db978f3931b65a12f2273303afa4e0d773843291de2bb92bb610a7,7.65,product,
9a67b60b6657215a0c4e9c64f832138451455a3413948450472e57f5307034cd,6.6,product,
384db0c8455c33ff47e1eedaef393a4201726fc89ee1f5dee24a35ab293ed8a1,6.6,product,
d36500c778b641f164d009b206c524cf1b9f750a877233194ec4b2dc9343ee69,6.6,product,
b6db272554c922aad676249514992d806ea17c81521ed99ff15c2d5ab28de979,6.6,product,
e52b49590fde86f4c58523c85a48d9fe21a480d5396b2f8b67d03296eb2588cc,6.6,product,
69dc46491a4a893c1ffe96453d74f9fa09aa63311cd3b6ac8ed10506c04f538c,6.6,product,
1cb170ad383049821d750f235766fe958b76992819b6b981db3ba9d7697ff9d9,6.6,product,
1d0407f46e8030c424be8144c2c07e983b21b72a33365dcc3d393727d07a0f9d,6.6,product,
f94f29aa9c27c5407cf6e1b537e21501f29d38f45084b4c8df81564405467644,3.75,product,
15be36c56c741e673a06d22c08e538f1c9595812999d869b52918caa3faa0b43,3.75,product,
3c33000799be794fc2139b2b80d2e14f680d752dcd61acb948539d408b349eca,3.75,product,
005bb7a09c17fb25ff1d21ff134bd47615e7f3a2aaa433bbc57f4152b9bff332,3.6,product,
d350d6d0665cacbcf564568e063c517d072026fcd7950516ae70adff5a9e244f,3.75,product,
5bfbb0200d94819a438cc5997cec7f2687d3c41d340e827c0d00222440e31186,3.15,product,
3c93a15a1729e918797114bc40de58b2e387c8411edd60fe729efc452d9cdac4,7.65,product,
c58c90ba838af234d756882f655b31af0173b35d4419afd28ff1177fe80f8a93,7.65,product,
c826019601db7a999346aebd225cf5adf6ec40d4a3e9896ba53a4abf78f54048,6.45,product,
68dc509854566b85e4b5592bd32d4ea0c66620d2e97799b2e0d1ff34c469f236,6.45,product,
5164a8489ef39587d7957db009db39b5a2c1cbac51ce9083310e6905db10a24b,6.6,product,
0bd223ee6d743c3fad7d9e22cdde72dba0f5f8d30a2cbfa1c0bd3675c065f3ee,6.6,product,
b48ac7a3588a702c4e94d5b9e66eca155b271c8280ef49139343ec5f73baef85,7.2,product,
2ecc98d19f1c8b3d8b4119eedfa4a7bfd68f3b0dc29d1442d762d6afc00bf190,9.3,product,
dec5b78f0590ac8e699992d30b4e3cc91e82f281355428bc42fcf0807916960b,6.6,product,
6bdd37b862fc04768aa4e553ef9547b00a7607ecfaba9c5490039582f4c9d836,6.6,product,
416a61d26aa3f0f0fe052f3d99c4502ddedfb60144722621f8b3caeffae0f1af,6.6,product,
b2a8e1e08ac2b0d843161e7ddb8db3f325ab368d58e7f6dc9736f7dfcf8a9862,6.6,product,
c007728855537e7b12e19300a6a03147e85d0a328d6b48adcbc47402b5dc93b8,7.5,product,
5c40c4661dd038d5365fd8e6470ee8db647b4274d03f602992e82a7da0fb64e5,7.5,product,
b50de5fe841050620f86dfb796a70b27b7e71dd59cae2c0eb047de0c6a2d97f5,7.35,product,
02aed34b97ce387e71b316f7f75395cb913184d9050e9136a42ae5328397f9b2,7.35,product,
b560012c62e37a529e16f75110d9593e6e08c69cd01f964efb3584fba6c0c060,7.5,product,
d8bdd9114a7bd0c36d4c714e8454a2ec79a3c5c45905e7821717531473c47e3b,7.5,product,
3d70891912cbde0fe4be0575d225bdc236a4fe41105ffa6779498c058f2e1237,7.5,product,
ca07a54187cc79e6293fa4ea7a5c6b19c55467a1e23b10ed3501b9b670254680,7.5,product,
6642b7bd869d8bbc0584f7df42080104d83de9544cb261d9e91ec9fddfe0b695,1.95,product,
4f6665c7332c2ab73a75f54f23349f46b125aee04ea3ad79cee332026a8c33e2,2.1,product,
1664a2f464d4defa23f36e20e2019f102f720684d2c77982a1f1566ae57b7c39,7.5,product,
573309873f2652fe756b275a738a5b858f470ff5a4643b375d8d1958709fc7a6,7.5,product,
56f304466e21b5706d1a9eb4524c6b758be2657f0c1130b829b352a34766ff38,7.5,product,
359a033981fb86acb538c52deb1a32fb7279e02e0ec1dbb720ea33f81903e737,7.5,product,
5cbea141451670dfdee483a54353e9caef3b5d9220a6716b8f85f6047997e374,7.5,product,
77f4b7c0880a8ca958e58c8edf9d390d63b86fb77e83d131c74a71543d8a8fed,7.5,product,
9b6a88fd6ec299ac0e8e75fba929c56bb09741867b52e9165373378ddb06b733,7.5,product,
101b93444fa3712bc9ddf5cd036a955310eaf0229fdc961c663661440c13b1a5,7.5,product,
4f3aa6b02455990e8e74785c3648c4b4b02f080cca249ed0459454da4a819815,9.15,product,
8534b9fb391eb8c3c614039de288000f7f852fb150933c6afca7bc91585287ed,9.15,product,
77acd4bf911b014f2c18b50af4bbf8c58e8bf7e0186002b1acd4c5aef0b888c5,6.6,product,
4acdb29f5025b66279f35de31898e74be9a4a062c7f4d373e67da6f005969373,2.1,product,
